,LotFrontage,LotArea,Street,Alley,OverallQual,OverallCond,YearBuilt,YearRemodAdd,ExterQual,GrLivArea,ExterCond,SalePrice
0,65.0,8450,Pave,none,7,5,2003,2003,3,1710,TA,208500
1,80.0,9600,Pave,none,6,8,1976,1976,2,1262,TA,181500
2,68.0,11250,Pave,none,7,5,2001,2002,3,1786,TA,223500
3,60.0,9550,Pave,none,7,5,1915,1970,2,1717,TA,140000
4,84.0,14260,Pave,none,8,5,2000,2000,3,2198,TA,250000
5,85.0,14115,Pave,none,5,5,1993,1995,2,1362,TA,143000
6,75.0,10084,Pave,none,8,5,2004,2005,3,1694,TA,307000
7,none,10382,Pave,none,7,6,1973,1973,2,2090,TA,200000
8,51.0,6120,Pave,none,7,5,1931,1950,2,1774,TA,129900
9,50.0,7420,Pave,none,5,6,1939,1950,2,1077,TA,118000
10,70.0,11200,Pave,none,5,5,1965,1965,2,1040,TA,129500
11,85.0,11924,Pave,none,9,5,2005,2006,4,2324,TA,345000
12,none,12968,Pave,none,5,6,1962,1962,2,912,TA,144000
13,91.0,10652,Pave,none,7,5,2006,2007,3,1494,TA,279500
14,none,10920,Pave,none,6,5,1960,1960,2,1253,TA,157000
15,51.0,6120,Pave,none,7,8,1929,2001,2,854,TA,132000
16,none,11241,Pave,none,6,7,1970,1970,2,1004,TA,149000
17,72.0,10791,Pave,none,4,5,1967,1967,2,1296,TA,90000
18,66.0,13695,Pave,none,5,5,2004,2004,2,1114,TA,159000
19,70.0,7560,Pave,none,5,6,1958,1965,2,1339,TA,139000
20,101.0,14215,Pave,none,8,5,2005,2006,3,2376,TA,325300
21,57.0,7449,Pave,Grvl,7,7,1930,1950,2,1108,TA,139400
22,75.0,9742,Pave,none,8,5,2002,2002,3,1795,TA,230000
23,44.0,4224,Pave,none,5,7,1976,1976,2,1060,TA,129900
24,none,8246,Pave,none,5,8,1968,2001,2,1060,Gd,154000
25,110.0,14230,Pave,none,8,5,2007,2007,3,1600,TA,256300
26,60.0,7200,Pave,none,5,7,1951,2000,2,900,TA,134800
27,98.0,11478,Pave,none,8,5,2007,2008,3,1704,TA,306000
28,47.0,16321,Pave,none,5,6,1957,1997,2,1600,TA,207500
29,60.0,6324,Pave,none,4,6,1927,1950,2,520,TA,68500
30,50.0,8500,Pave,Pave,4,4,1920,1950,2,1317,Fa,40000
31,none,8544,Pave,none,5,6,1966,2006,2,1228,TA,149350
32,85.0,11049,Pave,none,8,5,2007,2007,3,1234,TA,179900
33,70.0,10552,Pave,none,5,5,1959,1959,2,1700,TA,165500
34,60.0,7313,Pave,none,9,5,2005,2005,4,1561,TA,277500
35,108.0,13418,Pave,none,8,5,2004,2005,3,2452,TA,309000
36,112.0,10859,Pave,none,5,5,1994,1995,2,1097,TA,145000
37,74.0,8532,Pave,none,5,6,1954,1990,2,1297,TA,153000
38,68.0,7922,Pave,none,5,7,1953,2007,2,1057,Gd,109000
39,65.0,6040,Pave,none,4,5,1955,1955,2,1152,TA,82000
40,84.0,8658,Pave,none,6,5,1965,1965,2,1324,TA,160000
41,115.0,16905,Pave,none,5,6,1959,1959,2,1328,Gd,170000
42,none,9180,Pave,none,5,7,1983,1983,2,884,TA,144000
43,none,9200,Pave,none,5,6,1975,1980,2,938,TA,130250
44,70.0,7945,Pave,none,5,6,1959,1959,2,1150,TA,141000
45,61.0,7658,Pave,none,9,5,2005,2005,4,1752,TA,319900
46,48.0,12822,Pave,none,7,5,2003,2003,3,2149,TA,239686
47,84.0,11096,Pave,none,8,5,2006,2006,3,1656,TA,249700
48,33.0,4456,Pave,none,4,5,1920,2008,2,1452,TA,113000
49,66.0,7742,Pave,none,5,7,1966,1966,2,955,TA,127000
50,none,13869,Pave,none,6,6,1997,1997,2,1470,TA,177000
51,52.0,6240,Pave,none,6,6,1934,1950,2,1176,TA,114500
52,110.0,8472,Grvl,none,5,5,1963,1963,1,816,TA,110000
53,68.0,50271,Pave,none,9,5,1981,1987,3,1842,TA,385000
54,60.0,7134,Pave,none,5,5,1955,1955,2,1360,TA,130000
55,100.0,10175,Pave,none,6,5,1964,1964,2,1425,TA,180500
56,24.0,2645,Pave,Pave,8,5,1999,2000,3,1739,TA,172500
57,89.0,11645,Pave,none,7,5,2004,2004,3,1720,TA,196500
58,66.0,13682,Pave,none,10,5,2006,2006,4,2945,TA,438780
59,60.0,7200,Pave,none,5,7,1972,1972,2,780,TA,124900
60,63.0,13072,Pave,none,6,5,2004,2004,2,1158,TA,158000
61,60.0,7200,Pave,none,5,7,1920,1996,2,1111,TA,101000
62,44.0,6442,Pave,none,8,5,2006,2006,3,1370,TA,202500
63,50.0,10300,Pave,none,7,6,1921,1950,2,1710,TA,140000
64,none,9375,Pave,none,7,5,1997,1998,2,2034,TA,219500
65,76.0,9591,Pave,none,8,5,2004,2005,3,2473,TA,317000
66,none,19900,Pave,none,7,5,1970,1989,2,2207,TA,180000
67,72.0,10665,Pave,none,7,5,2003,2003,3,1479,TA,226000
68,47.0,4608,Pave,none,4,6,1945,1950,2,747,Gd,80000
69,81.0,15593,Pave,none,7,4,1953,1953,3,2287,TA,225000
70,95.0,13651,Pave,none,7,6,1973,1973,2,2223,Gd,244000
71,69.0,7599,Pave,none,4,6,1982,2006,2,845,TA,129500
72,74.0,10141,Pave,none,7,5,1998,1998,2,1718,TA,185000
73,85.0,10200,Pave,none,5,7,1954,2003,2,1086,TA,144900
74,60.0,5790,Pave,none,3,6,1915,1950,3,1605,Gd,107400
75,21.0,1596,Pave,none,4,5,1973,1973,2,988,TA,91000
76,none,8475,Pave,none,4,7,1956,1956,2,952,TA,135750
77,50.0,8635,Pave,none,5,5,1948,2001,2,1285,TA,127000
78,72.0,10778,Pave,none,4,5,1968,1968,2,1768,TA,136500
79,60.0,10440,Pave,Grvl,5,6,1910,1981,2,1230,TA,110000
80,100.0,13000,Pave,none,6,6,1968,1968,2,2142,Gd,193500
81,32.0,4500,Pave,none,6,5,1998,1998,2,1337,Gd,153500
82,78.0,10206,Pave,none,8,5,2007,2007,2,1563,TA,245000
83,80.0,8892,Pave,none,5,5,1960,1960,2,1065,TA,126500
84,none,8530,Pave,none,7,5,1995,1996,2,1474,TA,168500
85,121.0,16059,Pave,none,8,5,1991,1992,3,2417,TA,260000
86,122.0,11911,Pave,none,6,5,2005,2005,3,1560,TA,174000
87,40.0,3951,Pave,Pave,6,5,2009,2009,3,1224,TA,164500
88,105.0,8470,Pave,none,3,2,1915,1982,1,1526,Fa,85000
89,60.0,8070,Pave,none,4,5,1994,1995,2,990,TA,123600
90,60.0,7200,Pave,none,4,5,1950,1950,2,1040,TA,109900
91,85.0,8500,Pave,none,5,3,1961,1961,2,1235,TA,98600
92,80.0,13360,Pave,Grvl,5,7,1921,2006,2,964,Gd,163500
93,60.0,7200,Pave,none,6,6,1910,1998,2,2291,TA,133900
94,69.0,9337,Pave,none,6,5,1997,1997,2,1786,Gd,204750
95,none,9765,Pave,none,6,8,1993,1993,4,1470,Gd,185000
96,78.0,10264,Pave,none,7,5,1999,1999,3,1588,TA,214000
97,73.0,10921,Pave,none,4,5,1965,1965,2,960,TA,94750
98,85.0,10625,Pave,none,5,5,1920,1950,2,835,TA,83000
99,77.0,9320,Pave,none,4,5,1959,1959,2,1225,TA,128950
100,none,10603,Pave,none,6,7,1977,2001,2,1610,TA,205000
101,77.0,9206,Pave,none,6,5,1985,1985,3,1732,TA,178000
102,64.0,7018,Pave,none,5,5,1979,1979,2,1535,Fa,118964
103,94.0,10402,Pave,none,7,5,2009,2009,2,1226,TA,198900
104,none,7758,Pave,none,7,4,1931,1950,2,1818,Fa,169500
105,75.0,9375,Pave,none,8,5,2003,2004,3,1992,TA,250000
106,60.0,10800,Pave,Grvl,4,7,1885,1995,2,1047,TA,100000
107,50.0,6000,Pave,none,5,5,1948,1950,2,789,TA,115000
108,85.0,8500,Pave,none,5,7,1919,2005,2,1517,TA,115000
109,105.0,11751,Pave,none,6,6,1977,1977,2,1844,TA,190000
110,75.0,9525,Pave,none,6,4,1954,1972,2,1855,TA,136900
111,none,7750,Pave,none,7,5,2000,2000,2,1430,TA,180000
112,77.0,9965,Pave,none,7,5,2007,2007,3,2696,TA,383970
113,none,21000,Pave,none,6,5,1953,1953,2,2259,Gd,217000
114,61.0,7259,Pave,none,6,8,1945,2002,2,2320,TA,259500
115,34.0,3230,Pave,Pave,6,5,1999,1999,2,1458,TA,176000
116,none,11616,Pave,none,5,5,1962,1962,2,1092,TA,139000
117,74.0,8536,Pave,none,5,5,2006,2007,2,1125,TA,155000
118,90.0,12376,Pave,none,7,5,1990,1990,2,3222,TA,320000
119,65.0,8461,Pave,none,6,5,2005,2006,3,1456,TA,163990
120,none,21453,Pave,none,6,5,1969,1969,2,988,TA,180000
121,50.0,6060,Pave,none,4,5,1939,1950,2,1123,TA,100000
122,75.0,9464,Pave,none,6,7,1958,1958,2,1080,Gd,136000
123,55.0,7892,Pave,none,6,5,1993,1993,3,1199,TA,153900
124,48.0,17043,Pave,none,6,5,1979,1998,2,1586,Gd,181000
125,60.0,6780,Pave,none,6,8,1935,1982,2,754,Fa,84500
126,none,4928,Pave,none,6,5,1976,1976,2,958,TA,128000
127,55.0,4388,Pave,none,5,7,1930,1950,2,840,Gd,87000
128,69.0,7590,Pave,none,6,5,1966,1966,2,1348,TA,155000
129,69.0,8973,Pave,none,5,7,1958,1991,2,1053,TA,150000
130,88.0,14200,Pave,none,7,6,1966,1966,2,2157,TA,226000
131,none,12224,Pave,none,6,5,2000,2000,3,2054,TA,244000
132,75.0,7388,Pave,none,5,6,1959,2002,2,1327,TA,150750
133,none,6853,Pave,none,8,5,2001,2002,3,1296,TA,220000
134,78.0,10335,Pave,none,5,6,1968,1993,2,1721,TA,180000
135,80.0,10400,Pave,none,7,6,1970,1970,2,1682,TA,174000
136,none,10355,Pave,none,5,5,1967,1967,2,1214,TA,143000
137,82.0,11070,Pave,none,7,5,1988,1989,2,1959,TA,171000
138,73.0,9066,Pave,none,8,5,1999,2000,3,1852,TA,230000
139,65.0,15426,Pave,none,6,5,1997,1997,2,1764,TA,231500
140,70.0,10500,Pave,none,4,5,1971,1971,2,864,TA,115000
141,78.0,11645,Pave,none,7,5,2005,2005,3,1734,TA,260000
142,71.0,8520,Pave,none,5,4,1952,1952,2,1385,Fa,166000
143,78.0,10335,Pave,none,7,5,1999,1999,3,1501,TA,204000
144,70.0,9100,Pave,none,5,5,1963,1963,2,1728,TA,125000
145,24.0,2522,Pave,none,6,5,2004,2006,3,1709,TA,130000
146,51.0,6120,Pave,none,5,7,1931,1993,2,875,TA,105000
147,none,9505,Pave,none,7,5,2001,2001,3,2035,TA,222500
148,63.0,7500,Pave,none,7,5,2004,2005,2,1080,TA,141000
149,none,6240,Pave,none,5,4,1936,1950,2,1344,TA,115000
150,120.0,10356,Pave,none,5,6,1975,1975,2,969,TA,122000
151,107.0,13891,Pave,none,8,5,2007,2008,3,1710,TA,372402
152,none,14803,Pave,none,6,5,1971,1971,2,1993,TA,190000
153,none,13500,Pave,none,6,7,1960,1975,2,1252,TA,235000
154,84.0,11340,Pave,none,6,5,1923,1950,2,1200,TA,125000
155,60.0,9600,Pave,none,6,5,1924,1950,2,1096,TA,79000
156,60.0,7200,Pave,none,5,7,1950,1950,2,1040,TA,109500
157,92.0,12003,Pave,none,8,5,2009,2010,3,1968,TA,269500
158,100.0,12552,Pave,none,7,5,2004,2005,3,1947,TA,254900
159,134.0,19378,Pave,none,7,5,2005,2006,3,2462,TA,320000
160,none,11120,Pave,none,6,6,1984,1984,2,1232,TA,162500
161,110.0,13688,Pave,none,9,5,2003,2004,3,2668,TA,412500
162,95.0,12182,Pave,none,7,5,2005,2005,3,1541,TA,220000
163,55.0,5500,Pave,none,4,6,1956,1956,2,882,TA,103200
164,40.0,5400,Pave,Pave,6,7,1926,2004,2,1616,Gd,152000
165,62.0,10106,Pave,none,5,7,1940,1999,2,1355,Gd,127500
166,none,10708,Pave,none,5,5,1955,1993,3,1867,TA,190000
167,86.0,10562,Pave,none,8,5,2007,2007,3,2161,TA,325624
168,62.0,8244,Pave,none,7,5,2004,2004,3,1720,TA,183500
169,none,16669,Pave,none,8,6,1981,1981,3,1707,TA,228000
170,none,12358,Pave,none,5,6,1941,1950,2,1382,TA,128500
171,141.0,31770,Pave,none,6,5,1960,1960,2,1656,TA,215000
172,44.0,5306,Pave,none,7,7,1987,1987,3,1767,Gd,239000
173,80.0,10197,Pave,none,6,5,1961,1961,2,1362,TA,163000
174,47.0,12416,Pave,none,6,5,1986,1986,2,1651,TA,184000
175,84.0,12615,Pave,none,6,7,1950,2001,2,2158,TA,243000
176,97.0,10029,Pave,none,6,5,1988,1989,3,2060,TA,211000
177,none,13650,Pave,none,5,5,1958,1958,3,1920,Gd,172500
178,63.0,17423,Pave,none,9,5,2008,2009,4,2234,TA,501837
179,60.0,8520,Pave,none,5,6,1923,2006,3,968,TA,100000
180,none,2117,Pave,none,6,5,2000,2000,3,1525,TA,177000
181,54.0,7588,Pave,none,7,6,1920,1950,2,1802,TA,200100
182,60.0,9060,Pave,none,5,6,1957,2006,2,1340,TA,120000
183,63.0,11426,Pave,none,7,5,2003,2003,2,2082,TA,200000
184,92.0,7438,Pave,none,5,8,1908,1991,2,1252,TA,127000
185,90.0,22950,Pave,none,10,9,1892,1993,3,3608,Gd,475000
186,none,9947,Pave,none,7,5,1990,1991,2,1217,TA,173000
187,60.0,10410,Pave,none,5,7,1916,1987,2,1656,TA,135000
188,64.0,7018,Pave,none,5,5,1979,1979,2,1224,TA,153337
189,41.0,4923,Pave,none,8,5,2001,2002,3,1593,TA,286000
190,70.0,10570,Pave,none,8,8,1932,1994,3,2727,TA,315000
191,none,7472,Pave,none,7,9,1972,2004,2,1479,TA,184000
192,68.0,9017,Pave,none,7,5,1999,1999,3,1431,TA,192000
193,24.0,2522,Pave,none,7,5,2004,2004,3,1709,TA,130000
194,60.0,7180,Pave,none,5,7,1972,1972,2,864,TA,127000
195,24.0,2280,Pave,none,6,6,1976,1976,2,1456,TA,148500
196,79.0,9416,Pave,none,7,5,2007,2007,4,1726,TA,311872
197,174.0,25419,Pave,none,8,4,1918,1990,3,3112,Gd,235000
198,92.0,5520,Pave,none,6,6,1912,1950,2,2229,TA,104000
199,76.0,9591,Pave,none,8,5,2004,2005,3,1713,TA,274900
200,80.0,8546,Pave,none,4,5,2003,2004,2,1121,TA,140000
201,75.0,10125,Pave,none,6,6,1977,1977,2,1279,TA,171500
202,50.0,7000,Pave,none,6,6,1924,1950,2,1310,Gd,112000
203,none,4438,Pave,none,6,5,2004,2004,3,848,TA,149000
204,50.0,3500,Pave,Grvl,5,7,1947,1950,2,1284,TA,110000
205,99.0,11851,Pave,none,7,5,1990,1990,2,1442,TA,180500
206,40.0,13673,Pave,none,5,5,1962,1962,2,1696,Gd,143900
207,none,12493,Pave,none,4,5,1960,1960,2,1100,TA,141000
208,none,14364,Pave,none,7,5,1988,1989,3,2062,TA,277000
209,75.0,8250,Pave,none,6,7,1964,1964,2,1092,TA,145000
210,67.0,5604,Pave,none,5,6,1925,1950,2,864,TA,98000
211,83.0,10420,Pave,none,6,5,2009,2009,2,1212,TA,186000
212,72.0,8640,Pave,none,7,5,2009,2009,2,1852,TA,252678
213,43.0,13568,Pave,none,5,5,1995,1995,2,990,TA,156000
214,none,10900,Pave,none,6,7,1977,1977,2,1392,TA,161750
215,72.0,10011,Pave,none,5,6,1957,1996,2,1236,TA,134450
216,65.0,8450,Pave,none,7,5,2004,2004,3,1436,TA,210000
217,57.0,9906,Pave,Grvl,4,4,1925,1950,2,1328,TA,107000
218,none,15660,Pave,none,7,9,1939,2006,3,1954,Gd,311500
219,43.0,3010,Pave,none,7,5,2005,2006,3,1248,TA,167240
220,73.0,8990,Pave,none,7,5,2006,2006,3,1498,TA,204900
221,none,8068,Pave,none,6,5,2002,2002,3,2267,TA,200000
222,85.0,11475,Pave,none,6,6,1975,1975,2,1552,TA,179900
223,70.0,10500,Pave,none,4,6,1971,1971,2,864,TA,97000
224,103.0,13472,Pave,none,10,5,2003,2003,4,2392,TA,386250
225,21.0,1680,Pave,none,5,5,1971,1971,2,1302,TA,112000
226,82.0,9950,Pave,none,7,5,1995,1995,3,2520,TA,290000
227,21.0,1869,Pave,none,6,6,1970,1970,2,987,TA,106000
228,70.0,8521,Pave,none,5,5,1967,1967,2,912,TA,125000
229,43.0,3182,Pave,none,7,5,2005,2006,3,1555,TA,192500
230,73.0,8760,Pave,none,6,6,1959,1959,2,1194,TA,148000
231,174.0,15138,Pave,none,8,5,1995,1996,3,2794,TA,403000
232,21.0,1680,Pave,none,6,5,1972,1972,2,987,TA,94500
233,75.0,10650,Pave,none,5,6,1976,1976,2,894,TA,128200
234,none,7851,Pave,none,6,5,2002,2002,3,1960,TA,216500
235,21.0,1680,Pave,none,6,3,1971,1971,2,987,TA,89500
236,65.0,8773,Pave,none,7,5,2004,2004,3,1414,TA,185500
237,none,9453,Pave,none,7,7,1993,2003,3,1744,TA,194500
238,93.0,12030,Pave,none,8,5,2007,2007,4,1694,TA,318000
239,52.0,8741,Pave,none,6,4,1945,1950,2,1487,TA,113000
240,75.0,9000,Pave,none,8,5,2008,2008,3,1566,TA,262500
241,40.0,3880,Pave,none,5,9,1945,1997,2,866,Gd,110500
242,63.0,5000,Pave,none,5,4,1900,1950,2,1440,TA,79000
243,75.0,10762,Pave,none,6,6,1980,1980,2,1217,TA,120000
244,none,8880,Pave,none,7,5,1994,2002,3,2110,TA,205000
245,80.0,10400,Pave,none,7,5,1988,1988,2,1872,TA,241500
246,69.0,9142,Pave,Grvl,6,8,1910,1950,2,1928,Fa,137000
247,75.0,11310,Pave,none,6,5,1954,1954,2,1375,TA,140000
248,72.0,11317,Pave,none,7,5,2003,2003,3,1668,TA,180000
249,none,159000,Pave,none,6,7,1958,2006,3,2144,TA,277000
250,55.0,5350,Pave,none,3,2,1940,1966,2,1306,Po,76500
251,44.0,4750,Pave,none,8,5,2006,2007,3,1625,TA,235000
252,65.0,8366,Pave,none,6,5,2004,2004,3,1640,TA,173000
253,85.0,9350,Pave,none,6,7,1964,1991,2,1302,TA,158000
254,70.0,8400,Pave,none,5,6,1957,1957,2,1314,Gd,145000
255,66.0,8738,Pave,none,7,5,1999,1999,3,2291,TA,230000
256,64.0,8791,Pave,none,6,5,2003,2003,3,1728,TA,207500
257,68.0,8814,Pave,none,7,5,2006,2006,3,1604,TA,220000
258,80.0,12435,Pave,none,7,5,2001,2001,3,1792,TA,231500
259,70.0,12702,Pave,none,5,5,1956,1956,2,882,TA,97000
260,120.0,19296,Pave,none,6,5,1962,1962,2,1382,TA,176000
261,69.0,9588,Pave,none,8,5,2007,2007,3,2574,TA,276000
262,88.0,8471,Pave,none,6,7,1977,1995,2,1212,TA,151000
263,50.0,5500,Pave,none,5,7,1929,2001,2,1316,TA,130000
264,30.0,5232,Pave,Grvl,5,5,1925,2004,2,764,TA,73000
265,78.0,12090,Pave,none,6,6,1981,1981,2,1422,Gd,175500
266,70.0,11207,Pave,none,6,5,1997,1997,2,1511,TA,185000
267,60.0,8400,Pave,none,5,8,1939,1997,2,2192,TA,179500
268,71.0,6900,Pave,none,5,6,1940,1955,2,778,TA,120500
269,none,7917,Pave,none,6,7,1976,1976,2,1113,Gd,148000
270,84.0,10728,Pave,none,8,5,2006,2006,3,1939,TA,266000
271,73.0,39104,Pave,none,7,7,1954,2005,2,1363,TA,241500
272,92.0,11764,Pave,none,8,7,1999,2007,3,2270,TA,290000
273,80.0,9600,Pave,none,6,6,1958,1988,2,1632,TA,139000
274,76.0,8314,Pave,none,5,7,1982,1982,2,816,TA,124500
275,55.0,7264,Pave,none,7,7,1925,2007,3,1548,Gd,205000
276,129.0,9196,Pave,none,7,5,2003,2003,3,1560,TA,201000
277,140.0,19138,Pave,none,4,5,1951,1951,2,864,TA,141000
278,107.0,14450,Pave,none,9,5,2006,2007,4,2121,TA,415298
279,83.0,10005,Pave,none,7,5,1977,1977,2,2022,TA,192000
280,82.0,11287,Pave,none,7,6,1989,1989,3,1982,TA,228500
281,60.0,7200,Pave,Pave,6,5,2006,2006,3,1262,TA,185000
282,34.0,5063,Pave,none,7,5,2007,2008,3,1314,TA,207500
283,74.0,9612,Pave,none,8,5,2008,2009,3,1468,TA,244600
284,50.0,8012,Pave,none,6,5,1992,1992,3,1575,TA,179200
285,35.0,4251,Pave,Pave,7,5,2006,2007,3,1250,TA,164700
286,77.0,9786,Pave,none,6,7,1962,1981,2,1734,TA,159000
287,none,8125,Pave,none,4,4,1971,1971,2,858,TA,88000
288,none,9819,Pave,none,5,5,1967,1967,2,900,Gd,122000
289,60.0,8730,Pave,none,6,7,1915,2003,2,1396,TA,153575
290,120.0,15611,Pave,none,8,5,2006,2006,3,1919,TA,233230
291,55.0,5687,Pave,Grvl,5,6,1912,2000,2,1716,Fa,135900
292,60.0,11409,Pave,none,5,4,1949,2008,2,1716,TA,131000
293,none,16659,Pave,none,7,7,1977,1994,2,2263,TA,235000
294,80.0,9600,Pave,none,6,5,1953,1953,2,1644,TA,167000
295,37.0,7937,Pave,none,6,6,1984,1984,2,1003,TA,142500
296,75.0,13710,Pave,none,5,5,1950,1950,2,1558,TA,152000
297,66.0,7399,Pave,Pave,7,5,1997,1998,3,1950,TA,239000
298,90.0,11700,Pave,none,6,6,1968,1968,3,1743,TA,175000
299,80.0,14000,Pave,none,6,8,1950,2004,2,1152,Gd,158500
300,90.0,15750,Pave,none,5,5,1953,1953,2,1336,TA,157000
301,66.0,16226,Pave,none,8,5,1998,1999,3,2452,TA,267000
302,118.0,13704,Pave,none,7,5,2001,2002,3,1541,TA,205000
303,70.0,9800,Pave,none,5,7,1972,1972,2,894,TA,149900
304,87.0,18386,Pave,none,7,9,1880,2002,2,3493,TA,295000
305,80.0,10386,Pave,none,8,5,2004,2005,3,2000,TA,305900
306,116.0,13474,Pave,none,7,5,1990,1991,3,2243,TA,225000
307,none,7920,Pave,Grvl,6,7,1920,1950,2,1406,Fa,89500
308,none,12342,Pave,none,4,5,1940,1950,2,861,TA,82500
309,90.0,12378,Pave,none,9,5,2003,2004,3,1944,TA,360000
310,none,7685,Pave,none,6,5,1993,1994,2,1501,TA,165600
311,50.0,8000,Pave,none,6,6,1948,2002,2,972,Gd,132000
312,65.0,7800,Pave,none,5,7,1939,1950,2,1118,TA,119900
313,150.0,215245,Pave,none,7,5,1965,1965,2,2036,TA,375000
314,60.0,9600,Pave,Grvl,7,7,1925,1990,2,1641,TA,178000
315,71.0,7795,Pave,none,7,5,2004,2005,3,1432,TA,188500
316,94.0,13005,Pave,none,7,7,1980,1980,3,2353,TA,260000
317,75.0,9000,Pave,none,8,5,2006,2006,3,1959,TA,270000
318,90.0,9900,Pave,none,7,5,1993,1993,3,2646,TA,260000
319,none,14115,Pave,none,7,5,1980,1980,2,1472,TA,187500
320,111.0,16259,Pave,none,9,5,2006,2006,2,2596,TA,342643
321,99.0,12099,Pave,none,8,5,2004,2004,3,2468,TA,354000
322,86.0,10380,Pave,none,7,5,1986,1987,3,2730,TA,301000
323,49.0,5820,Pave,none,3,8,1955,2005,2,1163,Gd,126175
324,96.0,11275,Pave,none,7,7,1967,2007,3,2978,Gd,242000
325,50.0,5000,Pave,none,5,6,1941,1950,2,803,TA,87000
326,32.0,10846,Pave,none,8,5,1993,1993,3,1719,TA,324000
327,80.0,11600,Pave,none,6,5,1960,1960,2,1383,TA,145250
328,none,11888,Pave,Pave,6,6,1916,1994,2,2134,TA,214500
329,60.0,6402,Pave,none,5,5,1920,1950,2,1192,TA,78000
330,none,10624,Pave,none,5,4,1964,1964,2,1728,TA,119000
331,70.0,8176,Pave,none,5,6,1958,1992,2,1056,TA,139000
332,85.0,10655,Pave,none,8,5,2003,2004,3,1629,TA,284000
333,59.0,8198,Pave,none,7,5,2004,2004,3,1358,TA,207000
334,59.0,9042,Pave,none,6,5,1998,1998,2,1638,TA,192000
335,none,164660,Grvl,none,5,6,1965,1965,2,1786,TA,228950
336,86.0,14157,Pave,none,9,5,2005,2006,3,1922,TA,377426
337,70.0,9135,Pave,none,7,5,2002,2003,3,1536,TA,214000
338,91.0,14145,Pave,none,7,7,1984,1998,3,1621,TA,202500
339,66.0,12400,Pave,none,6,7,1958,1998,2,1215,TA,155000
340,85.0,14191,Pave,none,8,5,2002,2002,3,1908,TA,202900
341,60.0,8400,Pave,none,4,4,1950,1950,1,841,Fa,82000
342,none,8544,Pave,none,3,4,1949,1950,2,1040,TA,87500
343,63.0,8849,Pave,none,9,5,2005,2005,4,1684,TA,266000
344,36.0,2592,Pave,none,5,3,1976,1976,2,1112,TA,85000
345,65.0,6435,Pave,none,6,5,1939,1950,2,1577,TA,140200
346,none,12772,Pave,none,6,8,1960,1998,2,958,Gd,151500
347,none,17600,Pave,none,6,5,1960,1960,2,1478,TA,157500
348,36.0,2448,Pave,none,7,5,2003,2004,3,1626,TA,154000
349,56.0,20431,Pave,none,9,5,2005,2006,4,2728,TA,437154
350,68.0,7820,Pave,none,9,5,2007,2007,4,1869,TA,318061
351,none,5271,Pave,none,7,5,1986,1986,2,1453,TA,190000
352,60.0,9084,Pave,none,5,6,1941,1950,2,1111,TA,95000
353,60.0,8520,Pave,none,6,8,1928,2003,2,720,Gd,105900
354,60.0,8400,Pave,none,6,5,1940,2000,2,1595,TA,140000
355,105.0,11249,Pave,none,6,5,1995,1995,3,1200,Gd,177500
356,none,9248,Pave,none,6,6,1992,1992,2,1167,TA,173000
357,44.0,4224,Pave,none,5,5,1976,1976,2,1142,TA,134000
358,92.0,6930,Pave,none,5,4,1958,1958,2,1352,TA,130000
359,78.0,12011,Pave,none,8,5,1998,1998,3,1924,TA,280000
360,none,7540,Pave,none,6,6,1978,1978,2,912,TA,156000
361,none,9144,Pave,Pave,5,5,1940,1982,2,1505,TA,145000
362,64.0,7301,Pave,none,7,5,2003,2003,3,1922,TA,198500
363,21.0,1680,Pave,none,6,8,1972,2007,2,987,TA,118000
364,none,18800,Pave,none,6,5,1976,1976,2,1574,TA,190000
365,59.0,10690,Pave,none,5,7,1920,1997,2,1344,Gd,147000
366,none,9500,Pave,none,6,5,1963,1963,2,1394,TA,159000
367,101.0,9150,Pave,none,6,5,1962,1962,2,1431,TA,165000
368,78.0,7800,Pave,none,5,6,1954,1954,2,1268,TA,132000
369,none,9830,Pave,none,5,7,1959,2006,2,1287,Gd,162000
370,none,8121,Pave,none,6,5,2000,2000,2,1664,TA,172400
371,80.0,17120,Pave,none,4,4,1959,1959,2,1588,TA,134432
372,50.0,7175,Pave,none,6,5,1984,1984,2,752,TA,125000
373,79.0,10634,Pave,none,5,6,1953,1953,2,1319,TA,123000
374,65.0,8200,Pave,none,7,5,2003,2004,3,1928,TA,219500
375,none,10020,Pave,none,1,1,1922,1950,1,904,Fa,61000
376,57.0,8846,Pave,none,5,5,1996,1996,3,914,TA,148000
377,102.0,11143,Pave,none,8,5,2004,2005,3,2466,TA,340000
378,88.0,11394,Pave,none,9,2,2010,2010,3,1856,TA,394432
379,60.0,8123,Pave,none,6,5,2000,2000,2,1800,TA,179000
380,50.0,5000,Pave,Pave,5,6,1924,1950,2,1691,TA,127000
381,60.0,7200,Pave,Pave,7,5,2006,2006,3,1301,TA,187750
382,79.0,9245,Pave,none,7,5,2006,2006,3,1797,TA,213500
383,60.0,9000,Pave,none,6,3,1928,1950,2,784,TA,76000
384,none,53107,Pave,none,6,5,1992,1992,3,1953,TA,240000
385,43.0,3182,Pave,none,8,5,2004,2005,3,1269,TA,192000
386,58.0,8410,Pave,none,5,3,1910,1996,2,1184,Fa,81000
387,72.0,7200,Pave,none,6,6,1976,1976,2,1125,TA,125000
388,93.0,9382,Pave,none,7,5,1999,2000,3,1479,TA,191000
389,96.0,12474,Pave,none,10,5,2007,2008,4,2332,TA,426000
390,50.0,8405,Pave,Grvl,5,8,1900,1950,2,1367,TA,119000
391,71.0,12209,Pave,none,6,5,2001,2002,2,1961,TA,215000
392,none,8339,Pave,none,5,7,1959,1959,2,882,TA,106500
393,none,7446,Pave,none,4,5,1941,1950,2,788,TA,100000
394,60.0,10134,Pave,none,5,6,1940,1950,2,1034,TA,109000
395,68.0,9571,Pave,none,5,6,1956,1956,2,1144,TA,129000
396,60.0,7200,Pave,none,5,5,1972,1972,2,894,TA,123000
397,69.0,7590,Pave,none,5,5,1962,1962,2,1812,TA,169500
398,60.0,8967,Pave,none,5,2,1920,1950,2,1077,Fa,67000
399,65.0,8125,Pave,none,7,5,2006,2007,3,1550,TA,241000
400,38.0,14963,Pave,none,8,5,1996,1996,3,1288,TA,245500
401,65.0,8767,Pave,none,7,5,2005,2005,3,1310,TA,164990
402,60.0,10200,Pave,none,5,8,1940,1997,2,672,TA,108000
403,93.0,12090,Pave,none,8,5,1998,1998,3,2263,TA,258000
404,none,10364,Pave,none,6,5,1995,1996,2,1572,TA,168000
405,none,9991,Pave,none,4,4,1976,1993,2,1620,TA,150000
406,51.0,10480,Pave,none,6,5,1936,1950,2,1639,TA,115000
407,63.0,15576,Pave,none,6,7,1915,1976,2,1680,TA,177000
408,109.0,14154,Pave,none,7,5,2006,2006,3,2172,TA,280000
409,85.0,10800,Pave,none,8,5,2007,2008,3,2078,TA,339750
410,68.0,9571,Pave,none,5,3,1958,1958,2,1276,Fa,60000
411,100.0,34650,Pave,none,5,5,1955,1955,2,1056,TA,145000
412,none,4403,Pave,none,7,5,2009,2009,4,1478,TA,222000
413,56.0,8960,Pave,Grvl,5,6,1927,1950,2,1028,TA,115000
414,59.0,11228,Pave,none,7,5,1993,1993,3,2097,TA,228000
415,73.0,8899,Pave,none,7,5,2007,2007,3,1340,TA,181134
416,74.0,7844,Pave,none,6,7,1978,1978,2,1400,TA,149500
417,86.0,22420,Pave,none,6,6,1918,1950,2,2624,TA,239000
418,60.0,8160,Pave,none,5,6,1940,1950,2,1134,TA,126000
419,65.0,8450,Pave,none,5,6,1968,1968,2,1056,TA,142000
420,78.0,7060,Pave,none,7,5,1997,1998,2,1344,Gd,206300
421,none,16635,Pave,none,6,7,1977,2000,3,1602,TA,215000
422,100.0,21750,Pave,none,5,5,1954,1954,2,988,TA,113000
423,80.0,9200,Pave,none,8,5,1998,1998,3,2630,TA,315000
424,72.0,9000,Pave,none,6,5,1956,1956,2,1196,TA,139000
425,60.0,3378,Pave,Grvl,7,8,1946,1992,2,1389,Gd,135000
426,none,12800,Pave,none,7,5,1989,1989,3,1644,TA,275000
427,77.0,8593,Pave,none,4,6,1957,1957,2,907,TA,109008
428,64.0,6762,Pave,none,7,5,2007,2007,3,1208,TA,195400
429,130.0,11457,Pave,none,6,5,1988,1988,2,1412,TA,175000
430,21.0,1680,Pave,none,6,5,1971,1971,2,987,TA,85400
431,60.0,5586,Pave,none,6,7,1920,1998,2,1198,TA,79900
432,24.0,1920,Pave,none,5,5,1971,1971,2,1365,TA,122500
433,100.0,10839,Pave,none,6,5,1997,1998,2,1604,TA,181000
434,21.0,1890,Pave,none,4,7,1972,1972,2,630,Gd,81000
435,43.0,10667,Pave,none,7,6,1996,1996,3,1661,TA,212000
436,40.0,4400,Pave,none,6,8,1920,1950,2,1118,TA,116000
437,50.0,6000,Pave,none,6,7,1926,2004,3,904,TA,119000
438,40.0,4280,Pave,none,5,6,1913,2002,2,694,TA,90350
439,67.0,12354,Pave,Grvl,6,8,1920,2000,2,1196,TA,110000
440,105.0,15431,Pave,none,10,5,2008,2008,4,2402,TA,555000
441,92.0,12108,Pave,none,4,4,1955,1955,2,1440,TA,118000
442,52.0,6240,Pave,none,5,7,1930,1992,2,1573,TA,162900
443,53.0,3922,Pave,none,7,5,2006,2007,3,1258,TA,172500
444,70.0,8750,Pave,none,7,5,1994,1995,3,1908,Gd,210000
445,73.0,9855,Pave,none,6,5,1956,1956,2,1689,TA,127500
446,137.0,16492,Pave,none,6,6,1966,2002,3,1888,TA,190000
447,none,11214,Pave,none,7,5,1998,1999,3,1886,TA,199900
448,50.0,8600,Pave,none,6,6,1937,1950,2,1376,TA,119500
449,50.0,6000,Pave,none,3,7,1948,2002,2,1183,Gd,120000
450,70.0,5684,Pave,none,6,8,1930,2005,2,813,TA,110000
451,62.0,70761,Pave,none,7,5,1975,1975,2,1533,TA,280000
452,none,9303,Pave,none,6,5,1996,1997,3,1756,TA,204000
453,75.0,9000,Pave,none,8,5,2008,2008,3,1590,TA,210000
454,63.0,9297,Pave,none,5,5,1976,1976,2,1728,TA,188000
455,80.0,9600,Pave,none,7,6,1973,1973,2,1242,TA,175500
456,34.0,4571,Pave,Grvl,5,5,1916,1950,2,1344,TA,98000
457,none,53227,Pave,none,4,6,1954,1994,2,1663,TA,256000
458,none,5100,Pave,Grvl,8,7,1925,1996,2,1666,Gd,161000
459,none,7015,Pave,none,5,4,1950,1950,2,1203,TA,110000
460,75.0,8004,Pave,none,8,5,2009,2009,3,1935,TA,263435
461,60.0,7200,Pave,none,7,9,1936,2007,3,1135,Gd,155000
462,60.0,8281,Pave,none,5,5,1965,1965,2,864,TA,62383
463,74.0,11988,Pave,none,6,7,1934,1995,2,1660,TA,188700
464,60.0,8430,Pave,none,5,5,1978,1978,2,1040,TA,124000
465,none,3072,Pave,none,7,5,2004,2004,3,1414,TA,178740
466,85.0,10628,Pave,none,7,5,1970,1970,2,1277,Gd,167000
467,79.0,9480,Pave,none,5,7,1942,1995,2,1644,TA,146500
468,98.0,11428,Pave,none,8,5,2006,2006,3,1634,TA,250000
469,76.0,9291,Pave,none,6,5,1993,1993,3,1710,TA,187000
470,none,6820,Pave,none,8,5,1985,1985,3,1502,TA,212000
471,92.0,11952,Pave,none,7,6,1977,1977,2,1969,TA,190000
472,35.0,3675,Pave,none,6,5,2005,2005,2,1072,TA,148000
473,110.0,14977,Pave,none,8,5,2006,2007,3,1976,TA,440000
474,41.0,5330,Pave,none,8,5,2000,2000,3,1652,TA,251000
475,80.0,8480,Pave,none,5,6,1963,1963,2,970,TA,132500
476,75.0,13125,Pave,none,6,5,1997,1998,2,1493,TA,208900
477,105.0,13693,Pave,none,9,5,2006,2006,4,2643,TA,380000
478,79.0,10637,Pave,none,8,5,2007,2008,3,1718,TA,297000
479,50.0,5925,Pave,none,4,7,1937,2000,2,1131,TA,89471
480,98.0,16033,Pave,none,9,5,2004,2005,3,1850,TA,326000
481,72.0,11846,Pave,none,9,5,2003,2004,3,1792,TA,374000
482,50.0,2500,Pave,Pave,7,8,1915,2005,3,1826,TA,155000
483,32.0,4500,Pave,none,6,5,1998,1998,2,1216,TA,164000
484,none,7758,Pave,none,5,7,1962,2001,2,999,Gd,132500
485,80.0,9600,Pave,none,5,7,1950,2007,3,1113,TA,147000
486,79.0,10289,Pave,none,5,7,1965,1965,2,1073,TA,156000
487,70.0,12243,Pave,none,5,6,1971,1971,2,1484,TA,175000
488,60.0,10800,Pave,none,5,4,1900,1970,2,2414,Fa,160000
489,21.0,1526,Pave,none,4,8,1970,2002,2,630,Gd,86000
490,none,2665,Pave,none,5,6,1976,1976,2,1304,TA,115000
491,79.0,9490,Pave,none,6,7,1941,1950,2,1578,TA,133000
492,105.0,15578,Pave,none,6,5,2006,2006,3,1456,TA,172785
493,70.0,7931,Pave,none,5,6,1960,1960,2,1269,TA,155000
494,50.0,5784,Pave,none,5,8,1938,1996,2,886,TA,91300
495,60.0,7879,Pave,none,4,5,1920,1950,2,720,TA,34900
496,none,12692,Pave,none,8,5,1992,1993,3,3228,TA,430000
497,60.0,9120,Pave,Pave,7,6,1925,1950,2,1820,Gd,184000
498,65.0,7800,Pave,none,5,7,1967,2004,2,899,TA,130000
499,70.0,7535,Pave,none,5,7,1958,1985,2,912,TA,120000
500,21.0,1890,Pave,none,6,5,1973,1973,2,1218,TA,113000
501,75.0,9803,Pave,none,7,5,2005,2005,3,1768,TA,226700
502,70.0,9170,Pave,none,5,7,1965,1965,2,1214,TA,140000
503,100.0,15602,Pave,none,7,8,1959,1997,2,1801,TA,289000
504,24.0,2308,Pave,none,6,5,1974,1974,2,1322,TA,147000
505,60.0,7596,Pave,Grvl,5,5,1952,1952,2,1960,TA,124500
506,80.0,9554,Pave,none,8,5,1993,1994,3,1911,TA,215000
507,75.0,7862,Pave,none,6,5,2009,2009,3,1218,TA,208300
508,60.0,9600,Pave,none,7,9,1928,2005,2,1378,Ex,161000
509,80.0,9600,Pave,none,5,6,1959,1959,2,1041,TA,124500
510,75.0,14559,Pave,none,5,7,1951,2000,3,1363,TA,164900
511,40.0,6792,Pave,none,7,5,2005,2006,3,1368,TA,202665
512,70.0,9100,Pave,none,5,5,1958,1958,2,864,TA,129900
513,71.0,9187,Pave,none,6,5,1983,1983,2,1080,Gd,134000
514,55.0,10594,Pave,none,5,5,1926,1950,2,789,TA,96500
515,94.0,12220,Pave,none,10,5,2009,2009,4,2020,TA,402861
516,none,10448,Pave,none,6,6,1972,1972,2,2119,TA,158000
517,79.0,10208,Pave,none,7,5,1996,1997,3,2344,TA,265000
518,none,9531,Pave,none,6,5,1998,1998,2,1796,TA,211000
519,53.0,10918,Pave,none,7,9,1926,2004,3,2080,TA,234000
520,60.0,10800,Pave,Grvl,4,7,1900,2000,2,1294,TA,106250
521,90.0,11988,Pave,none,6,6,1957,1957,2,1244,TA,150000
522,50.0,5000,Pave,none,6,7,1947,1950,2,1664,Gd,159000
523,130.0,40094,Pave,none,10,5,2007,2008,4,4676,TA,184750
524,95.0,11787,Pave,none,7,5,1996,1997,3,2398,TA,315750
525,62.0,7500,Pave,Pave,7,5,2005,2005,3,1266,TA,176000
526,70.0,13300,Pave,none,5,7,1956,2000,2,928,TA,132000
527,67.0,14948,Pave,none,9,5,2008,2008,4,2713,TA,446261
528,58.0,9098,Pave,none,4,7,1920,2002,2,605,TA,86000
529,none,32668,Pave,none,6,3,1957,1975,3,2515,TA,200624
530,85.0,10200,Pave,none,6,5,1988,1989,3,1509,TA,175000
531,60.0,6155,Pave,none,6,8,1920,1999,2,1362,TA,128000
532,60.0,7200,Pave,none,5,7,1955,2007,2,827,TA,107500
533,50.0,5000,Pave,none,1,3,1946,1950,1,334,Fa,39300
534,74.0,9056,Pave,none,8,5,2004,2004,3,1414,TA,178000
535,70.0,7000,Pave,none,5,7,1910,1991,2,1347,TA,107500
536,57.0,8924,Pave,none,7,5,1998,1999,2,1724,TA,188000
537,none,12735,Pave,none,4,5,1972,1972,2,864,TA,111250
538,none,11553,Pave,none,5,5,1968,1968,2,1159,TA,158000
539,none,11423,Pave,none,8,5,2001,2002,3,1601,TA,272000
540,85.0,14601,Pave,none,9,5,2006,2006,4,1838,TA,315000
541,none,11000,Pave,none,8,5,2000,2000,3,2285,TA,248000
542,78.0,10140,Pave,none,7,5,1998,1999,3,1680,TA,213250
543,34.0,4058,Pave,none,7,5,1998,1998,2,767,TA,133000
544,58.0,17104,Pave,none,7,5,2006,2006,3,1496,TA,179665
545,none,13837,Pave,none,7,5,1988,1988,3,2183,Gd,229000
546,70.0,8737,Pave,none,6,7,1923,1950,2,1635,TA,210000
547,54.0,7244,Pave,none,5,7,1970,1970,2,768,Gd,129500
548,49.0,8235,Pave,none,5,7,1955,1995,2,825,Gd,125000
549,75.0,9375,Pave,none,7,5,2003,2004,3,2094,TA,263000
550,53.0,4043,Pave,none,6,6,1977,1977,2,1069,TA,140000
551,50.0,6000,Pave,none,5,6,1957,1957,2,928,TA,112500
552,87.0,11146,Pave,none,8,5,2006,2006,3,1717,TA,255500
553,67.0,8777,Pave,none,4,5,1949,2003,2,1126,TA,108000
554,85.0,10625,Pave,none,7,5,2003,2004,3,2046,TA,284000
555,58.0,6380,Pave,none,5,6,1922,1950,2,1048,TA,113000
556,69.0,14850,Pave,none,5,5,1957,1957,2,1092,TA,141000
557,60.0,11040,Pave,none,4,6,1920,1950,2,1336,TA,108000
558,57.0,21872,Pave,none,7,5,1996,1997,2,1446,TA,175000
559,none,3196,Pave,none,7,5,2003,2004,3,1557,TA,234000
560,none,11341,Pave,none,5,6,1957,1996,2,1392,TA,121500
561,77.0,10010,Pave,none,5,5,1974,1975,2,1389,TA,170000
562,63.0,13907,Pave,none,5,6,1940,1969,2,996,TA,108000
563,66.0,21780,Pave,none,6,7,1918,1950,2,1674,TA,185000
564,none,13346,Pave,none,7,5,1992,2000,3,2295,TA,268000
565,66.0,6858,Pave,none,6,4,1915,1950,2,1647,TA,128000
566,77.0,11198,Pave,none,9,5,2005,2007,3,2504,TA,325000
567,70.0,10171,Pave,none,7,5,2004,2004,3,1535,TA,214000
568,79.0,12327,Pave,none,8,8,1983,2009,3,2132,TA,316600
569,none,7032,Pave,none,5,5,1979,1979,2,943,TA,135960
570,74.0,13101,Pave,none,5,5,1965,1965,2,1728,TA,142600
571,60.0,7332,Pave,none,6,6,1959,1959,2,864,TA,120000
572,83.0,13159,Pave,none,7,5,2009,2009,2,1692,TA,224500
573,76.0,9967,Pave,none,7,5,2000,2000,2,1430,TA,170000
574,70.0,10500,Pave,none,5,7,1971,2005,2,1109,TA,139000
575,80.0,8480,Pave,none,5,5,1947,1950,2,1216,TA,118500
576,52.0,6292,Pave,none,7,7,1928,1950,2,1477,TA,145000
577,96.0,11777,Pave,none,5,6,1966,1966,2,1320,TA,164500
578,34.0,3604,Pave,Pave,7,5,2007,2007,3,1392,TA,146000
579,81.0,12150,Pave,Grvl,5,5,1954,1954,2,1795,TA,131500
580,none,14585,Pave,none,6,6,1960,1987,2,1429,TA,181900
581,98.0,12704,Pave,none,8,5,2008,2009,4,2042,TA,253293
582,81.0,11841,Grvl,none,6,5,1990,1990,2,816,Gd,118500
583,75.0,13500,Pave,none,10,9,1893,2000,4,2775,Ex,325000
584,51.0,6120,Pave,none,4,7,1935,1995,2,1573,TA,133000
585,88.0,11443,Pave,none,8,5,2005,2006,3,2028,TA,369900
586,55.0,10267,Pave,none,6,7,1918,2000,2,838,Gd,130000
587,74.0,8740,Pave,none,5,6,1982,1982,2,860,TA,137000
588,65.0,25095,Pave,none,5,8,1968,2003,2,1473,TA,143000
589,50.0,9100,Pave,none,5,6,1930,1960,2,935,TA,79500
590,64.0,8320,Pave,none,7,5,2004,2004,3,1582,TA,185900
591,97.0,13478,Pave,none,10,5,2008,2008,4,2296,TA,451950
592,60.0,6600,Pave,none,5,8,1982,2003,2,816,Gd,138000
593,none,4435,Pave,none,6,5,2003,2003,3,848,TA,140000
594,88.0,7990,Pave,none,5,6,1975,1975,2,924,TA,110000
595,69.0,11302,Pave,none,8,5,2005,2006,3,1826,TA,319000
596,60.0,3600,Pave,Grvl,6,7,1910,1993,2,1368,TA,114504
597,53.0,3922,Pave,none,7,5,2006,2007,3,1402,TA,194201
598,80.0,12984,Pave,none,5,6,1977,1977,2,1647,TA,217500
599,24.0,1950,Pave,none,6,6,1980,1980,2,1556,Gd,151000
600,74.0,10927,Pave,none,8,5,2005,2005,3,1904,TA,275000
601,50.0,9000,Pave,none,6,6,1937,1950,2,1375,Gd,141000
602,80.0,10041,Pave,none,8,5,1992,1992,3,1915,TA,220000
603,30.0,3182,Pave,Pave,7,5,2004,2005,3,1200,TA,151000
604,88.0,12803,Pave,none,7,5,2002,2002,3,1494,TA,221000
605,85.0,13600,Pave,none,7,6,1965,1990,2,1986,TA,205000
606,82.0,12464,Pave,none,5,5,1996,1996,2,1040,Gd,152000
607,78.0,7800,Pave,none,5,8,1948,2002,2,2008,Gd,225000
608,78.0,12168,Pave,none,8,6,1934,1998,2,3194,TA,359100
609,61.0,7943,Pave,none,4,5,1961,1961,2,1029,Fa,118500
610,none,11050,Pave,none,9,5,2000,2000,3,2153,TA,313000
611,none,10395,Pave,none,6,6,1978,1978,2,1032,TA,148000
612,none,11885,Pave,none,8,5,2001,2001,3,1872,TA,261500
613,70.0,8402,Pave,none,5,5,2007,2007,2,1120,TA,147000
614,21.0,1491,Pave,none,4,6,1972,1972,2,630,TA,75500
615,80.0,8800,Pave,none,6,7,1963,1963,2,1054,Gd,137500
616,none,7861,Pave,none,6,5,2002,2003,3,1509,TA,183200
617,59.0,7227,Pave,none,6,6,1954,1954,2,832,TA,105500
618,90.0,11694,Pave,none,9,5,2007,2007,4,1828,TA,314813
619,85.0,12244,Pave,none,8,5,2003,2003,3,2262,TA,305000
620,45.0,8248,Pave,Grvl,3,3,1914,1950,2,864,TA,67000
621,90.0,10800,Pave,none,6,7,1974,1997,2,2614,TA,240000
622,71.0,7064,Pave,none,5,6,1977,1977,2,980,TA,135000
623,none,2117,Pave,none,6,5,2000,2000,3,1512,TA,168500
624,80.0,10400,Pave,none,6,5,1972,1972,2,1790,TA,165150
625,87.0,10000,Pave,none,6,6,1962,1962,2,1116,TA,160000
626,none,12342,Pave,none,5,5,1960,1978,2,1422,TA,139900
627,80.0,9600,Pave,none,6,6,1955,1972,2,1520,TA,153000
628,70.0,11606,Pave,none,5,5,1969,1969,2,2080,TA,135000
629,82.0,9020,Pave,none,6,5,1964,1964,2,1350,TA,168500
630,50.0,9000,Pave,Grvl,5,6,1880,1991,2,1750,TA,124000
631,34.0,4590,Pave,none,8,5,2006,2006,3,1554,TA,209500
632,85.0,11900,Pave,none,7,5,1977,1977,2,1411,Gd,82500
633,80.0,9250,Pave,none,5,7,1954,2005,2,1056,TA,139400
634,64.0,6979,Pave,none,6,5,1980,1980,2,1056,TA,144000
635,60.0,10896,Pave,Pave,6,7,1914,1995,1,3395,TA,200000
636,51.0,6120,Pave,none,2,3,1936,1950,1,800,Fa,60000
637,50.0,6000,Pave,none,5,4,1954,1954,2,1387,TA,93000
638,67.0,8777,Pave,none,5,7,1910,1950,2,796,TA,85000
639,53.0,3982,Pave,none,8,5,2006,2006,3,1567,TA,264561
640,62.0,12677,Pave,none,8,5,2003,2004,4,1518,TA,274000
641,none,7050,Pave,none,7,5,2001,2001,3,1929,TA,226000
642,75.0,13860,Pave,none,8,7,1972,1995,3,2704,TA,345000
643,80.0,10793,Pave,none,5,5,1969,1969,2,1620,TA,152000
644,85.0,9187,Pave,none,9,5,2009,2009,4,1766,TA,370878
645,none,10530,Pave,none,6,5,1971,1971,2,981,TA,143250
646,60.0,7200,Pave,none,5,5,1950,1950,2,1048,TA,98300
647,85.0,10452,Pave,none,6,5,1953,1953,2,1094,TA,155000
648,70.0,7700,Pave,none,6,5,1966,1966,2,1839,TA,155000
649,21.0,1936,Pave,none,4,6,1970,1970,2,630,TA,84500
650,65.0,8125,Pave,none,7,6,2007,2007,3,1665,TA,205950
651,60.0,9084,Pave,none,4,5,1940,1950,2,1510,TA,108000
652,70.0,8750,Pave,none,7,5,1996,1996,3,1716,TA,191000
653,60.0,10320,Pave,Grvl,6,7,1906,1995,2,1469,TA,135000
654,91.0,10437,Pave,none,8,6,1995,1995,3,2113,Gd,350000
655,21.0,1680,Pave,none,6,5,1971,1971,2,1092,TA,88000
656,72.0,10007,Pave,none,5,7,1959,2006,3,1053,TA,145500
657,60.0,7200,Pave,none,7,6,1931,2000,2,1502,Fa,149000
658,78.0,17503,Pave,none,6,5,1948,1950,2,1458,TA,97500
659,75.0,9937,Pave,none,5,7,1964,1999,2,1486,Gd,167000
660,none,12384,Pave,none,7,7,1976,1976,2,1935,TA,197900
661,52.0,46589,Pave,none,8,7,1994,2005,3,2448,TA,402000
662,120.0,13560,Pave,none,6,3,1968,1968,2,1392,TA,110000
663,90.0,10012,Pave,none,4,5,1972,1972,2,1181,TA,137500
664,49.0,20896,Pave,none,8,5,2005,2006,3,2097,TA,423000
665,106.0,11194,Pave,none,8,5,2000,2000,3,1936,TA,230500
666,none,18450,Pave,none,6,5,1965,1979,2,2380,Gd,129000
667,65.0,8125,Pave,none,6,5,1994,1998,2,1679,TA,193500
668,none,14175,Pave,none,5,6,1956,1987,2,1437,TA,168000
669,80.0,11600,Pave,none,4,5,1922,1950,2,1180,TA,137500
670,64.0,8633,Pave,none,6,5,2005,2005,3,1476,TA,173500
671,54.0,6629,Pave,none,6,6,1925,1950,2,1369,Gd,103600
672,none,11250,Pave,none,6,6,1977,1977,3,1208,TA,165000
673,110.0,14442,Pave,none,6,7,1957,2004,2,1839,TA,257500
674,80.0,9200,Pave,none,6,6,1965,1965,2,1136,TA,140000
675,24.0,2289,Pave,none,6,6,1978,1978,2,1441,TA,148500
676,60.0,9600,Pave,Grvl,4,2,1900,1950,2,1774,TA,87000
677,52.0,9022,Pave,none,5,8,1924,2006,3,792,TA,109500
678,80.0,11844,Pave,none,8,5,2008,2008,3,2046,TA,372500
679,none,9945,Pave,none,5,5,1961,1961,2,988,TA,128500
680,50.0,8012,Pave,none,6,5,1980,1980,2,923,TA,143000
681,55.0,4500,Pave,Pave,5,5,1932,2000,2,1520,TA,159434
682,none,2887,Pave,none,6,5,1996,1997,2,1291,TA,173000
683,90.0,11248,Pave,none,9,5,2002,2002,3,1668,TA,285000
684,58.0,16770,Pave,none,7,5,1998,1998,3,1839,TA,221000
685,none,5062,Pave,none,7,5,1984,1984,3,2090,TA,207500
686,84.0,10207,Pave,none,7,6,2007,2007,3,1761,TA,227875
687,none,5105,Pave,none,7,5,2004,2004,3,1102,TA,148800
688,60.0,8089,Pave,none,8,6,2007,2007,3,1419,TA,392000
689,61.0,7577,Pave,none,6,5,2005,2006,3,1362,TA,194700
690,none,4426,Pave,none,6,5,2004,2004,3,848,TA,141000
691,104.0,21535,Pave,none,10,6,1994,1995,4,4316,TA,755000
692,42.0,26178,Pave,none,7,5,1989,1990,3,2519,TA,335000
693,60.0,5400,Pave,none,5,6,1921,1968,2,1073,TA,108480
694,51.0,6120,Pave,none,5,6,1936,1950,2,1539,Fa,141500
695,54.0,13811,Pave,none,6,6,1987,1987,2,1137,TA,176000
696,50.0,6000,Pave,none,5,7,1921,1950,2,616,TA,89000
697,57.0,6420,Pave,none,5,7,1952,1952,2,1148,TA,123500
698,65.0,8450,Pave,none,5,8,1965,2009,2,894,Gd,138500
699,59.0,4282,Pave,Pave,7,5,2004,2004,3,1391,TA,196000
700,85.0,14331,Pave,none,8,5,2002,2002,3,1800,TA,312500
701,80.0,9600,Pave,none,7,5,1969,1969,2,1164,TA,140000
702,82.0,12438,Pave,none,8,5,2006,2006,4,2576,TA,361919
703,76.0,7630,Pave,none,5,9,1900,1996,2,1812,Gd,140000
704,70.0,8400,Pave,none,7,5,2004,2005,3,1484,TA,213000
705,70.0,5600,Pave,none,4,5,1930,1950,1,1092,Fa,55000
706,none,115149,Pave,none,7,5,1971,2002,2,1824,TA,302000
707,48.0,6240,Pave,none,8,5,2006,2006,3,1324,TA,254000
708,65.0,9018,Pave,none,7,5,2007,2007,3,1456,TA,179540
709,none,7162,Pave,none,5,7,1966,1966,2,904,TA,109900
710,56.0,4130,Pave,none,3,6,1935,2003,3,729,TA,52000
711,66.0,8712,Pave,Pave,4,7,1900,1950,2,1178,TA,102776
712,40.0,4671,Pave,none,8,5,1988,1989,3,1228,TA,189000
713,60.0,9873,Pave,none,4,5,1970,1970,2,960,TA,129000
714,none,13517,Pave,none,6,8,1976,2005,3,1479,TA,130500
715,78.0,10140,Pave,none,6,5,1974,1974,2,1350,TA,165000
716,60.0,10800,Pave,Grvl,7,8,1890,1998,2,2554,Gd,159500
717,80.0,10000,Pave,none,5,6,1973,2000,2,1178,TA,157000
718,96.0,10542,Pave,none,7,5,1993,1994,3,2418,TA,341000
719,69.0,9920,Pave,none,5,6,1969,1969,2,971,TA,128500
720,none,6563,Pave,none,8,5,1985,1985,3,1742,TA,275000
721,none,4426,Pave,none,6,5,2004,2004,3,848,TA,143000
722,70.0,8120,Pave,none,4,7,1970,1970,2,864,Gd,124500
723,60.0,8172,Pave,none,4,6,1954,1972,2,1470,TA,135000
724,86.0,13286,Pave,none,9,5,2007,2008,4,1698,TA,320000
725,60.0,6960,Pave,none,4,6,1970,1970,2,864,TA,120500
726,none,21695,Pave,none,6,9,1988,2007,3,1680,Gd,222000
727,64.0,7314,Pave,none,7,5,2007,2007,3,1232,TA,194500
728,85.0,11475,Pave,none,5,5,1958,1958,2,1776,TA,110000
729,52.0,6240,Pave,Grvl,4,5,1925,1950,2,1208,TA,103000
730,39.0,5389,Pave,none,8,5,1995,1996,3,1616,TA,236500
731,73.0,9590,Pave,none,7,5,2003,2003,3,1146,TA,187500
732,75.0,11404,Pave,none,7,5,1998,1999,3,2031,TA,222500
733,80.0,10000,Pave,none,5,6,1961,1983,2,1144,TA,131400
734,none,8978,Pave,none,5,5,1968,1968,2,948,TA,108000
735,60.0,10800,Pave,none,7,7,1914,1970,2,1768,TA,163000
736,60.0,8544,Pave,none,3,4,1950,1950,2,1040,TA,93500
737,72.0,10463,Pave,none,8,5,2005,2005,3,1801,TA,239900
738,60.0,10800,Pave,none,5,5,1987,1988,2,1200,TA,179000
739,65.0,9313,Pave,none,7,5,2004,2004,3,1728,TA,190000
740,60.0,9600,Pave,Grvl,5,7,1910,2002,2,1432,Gd,132000
741,65.0,6768,Pave,none,6,8,1961,1996,2,912,Gd,142000
742,65.0,8450,Pave,none,7,5,2000,2001,2,1349,TA,179000
743,70.0,12886,Pave,none,5,6,1963,1999,2,1464,TA,175000
744,41.0,5395,Pave,none,8,5,1993,1993,3,1337,TA,180000
745,none,8963,Pave,none,8,9,1976,1996,4,2715,Gd,299800
746,none,8795,Pave,none,7,5,2000,2000,3,2256,TA,236000
747,65.0,11700,Pave,Pave,7,7,1880,2003,3,2640,TA,265979
748,59.0,10593,Pave,none,7,5,1996,1996,3,1720,TA,260400
749,50.0,8405,Pave,none,4,3,1945,1950,2,1529,TA,98000
750,55.0,8800,Pave,Grvl,4,7,1910,2004,2,1140,TA,96500
751,none,7750,Pave,none,7,5,2003,2003,3,1320,TA,162000
752,79.0,9236,Pave,none,6,5,1997,1997,2,1494,Gd,217000
753,80.0,10240,Pave,none,8,5,2005,2005,3,2098,TA,275500
754,61.0,7930,Pave,none,6,8,1969,2005,2,1026,TA,156000
755,34.0,3230,Pave,Pave,6,5,1999,1999,2,1471,TA,172500
756,68.0,10769,Pave,none,8,5,2007,2007,3,1768,TA,212000
757,none,11616,Pave,none,6,5,1978,1978,2,1386,TA,158900
758,24.0,2280,Pave,Pave,7,5,1999,1999,2,1501,TA,179400
759,65.0,12257,Pave,none,8,5,1995,1995,3,2531,TA,290000
760,70.0,9100,Pave,none,6,6,1959,1959,2,864,TA,127500
761,60.0,6911,Pave,none,5,5,1924,1950,2,1301,TA,100000
762,72.0,8640,Pave,none,7,5,2009,2009,2,1547,TA,215200
763,82.0,9430,Pave,none,8,5,1999,1999,3,2365,TA,337000
764,30.0,9549,Pave,none,8,5,1995,1996,3,1494,Gd,270000
765,75.0,14587,Pave,none,9,5,2008,2008,3,1506,TA,264132
766,80.0,10421,Pave,none,7,5,1988,1988,2,1714,TA,196500
767,75.0,12508,Pave,none,6,7,1940,1985,2,1750,TA,160000
768,70.0,9100,Pave,none,7,5,2004,2005,3,1836,TA,216837
769,47.0,53504,Pave,none,8,5,2003,2003,4,3279,TA,538000
770,none,7252,Pave,none,5,5,1982,1982,2,858,TA,134900
771,67.0,8877,Pave,none,4,5,1951,1951,2,1220,TA,102000
772,94.0,7819,Pave,none,6,5,1976,1976,2,1117,TA,107000
773,70.0,10150,Pave,none,5,5,1958,1958,2,912,TA,114500
774,110.0,14226,Pave,none,8,5,2006,2006,3,1973,TA,395000
775,32.0,4500,Pave,none,6,5,1998,1998,2,1204,TA,162000
776,86.0,11210,Pave,none,7,5,2005,2006,3,1614,TA,221500
777,100.0,13350,Pave,none,5,5,1974,1974,2,894,TA,142500
778,60.0,8400,Pave,none,5,5,1977,1977,2,2020,TA,144000
779,78.0,10530,Pave,none,6,5,1977,1977,2,1004,TA,135000
780,63.0,7875,Pave,none,7,5,1995,1996,2,1253,TA,176000
781,65.0,7153,Pave,none,6,5,1992,1992,3,1603,Gd,175900
782,67.0,16285,Pave,none,7,5,2001,2002,3,1430,TA,187100
783,none,9101,Pave,none,5,6,1978,1978,2,1110,Gd,165500
784,35.0,6300,Pave,Grvl,6,6,1914,2001,2,1484,TA,128000
785,none,9790,Pave,none,6,5,1967,1967,2,1342,TA,161500
786,60.0,10800,Pave,none,5,6,1915,1950,2,1652,Gd,139000
787,76.0,10142,Pave,none,7,5,2004,2004,3,2084,TA,233000
788,50.0,6000,Pave,none,4,7,1954,2000,2,901,TA,107900
789,none,12205,Pave,none,6,8,1966,2007,2,2087,TA,187500
790,43.0,3182,Pave,none,7,5,2005,2006,3,1145,TA,160200
791,none,11333,Pave,none,6,5,1976,1976,2,1062,TA,146800
792,92.0,9920,Pave,none,7,5,1996,1997,3,2013,TA,269790
793,76.0,9158,Pave,none,8,5,2007,2007,3,1496,TA,225000
794,none,10832,Pave,none,7,5,1994,1996,3,1895,TA,194500
795,70.0,8400,Pave,none,6,6,1980,1981,2,1564,TA,171000
796,71.0,8197,Pave,none,6,5,1977,1977,2,1285,TA,143500
797,57.0,7677,Pave,none,5,5,1953,1953,2,773,TA,110000
798,104.0,13518,Pave,none,9,5,2008,2009,4,3140,TA,485000
799,60.0,7200,Pave,none,5,7,1937,1950,2,1768,TA,175000
800,79.0,12798,Pave,none,6,5,1997,1997,2,1688,TA,200000
801,40.0,4800,Pave,none,4,7,1916,1990,2,1196,TA,109900
802,63.0,8199,Pave,none,7,5,2005,2005,3,1456,TA,189000
803,107.0,13891,Pave,none,9,5,2008,2009,4,2822,TA,582933
804,75.0,9000,Pave,none,5,5,1954,1954,2,1128,TA,118000
805,91.0,12274,Pave,none,7,5,2008,2008,3,1428,TA,227680
806,75.0,9750,Pave,none,5,5,1967,1967,2,980,TA,135500
807,144.0,21384,Pave,none,5,6,1923,2004,2,1576,TA,223500
808,85.0,13400,Pave,none,5,5,1966,1966,2,1086,TA,159950
809,90.0,8100,Pave,none,5,5,1898,1965,2,2138,TA,106000
810,78.0,10140,Pave,none,6,6,1974,1999,2,1309,TA,181000
811,none,4438,Pave,none,6,5,2004,2004,3,848,TA,144500
812,66.0,8712,Grvl,none,5,5,1952,1952,1,1044,TA,55993
813,75.0,9750,Pave,none,6,6,1958,1958,2,1442,TA,157900
814,45.0,8248,Pave,Grvl,5,7,1918,1950,2,1250,TA,116000
815,48.0,12137,Pave,none,7,5,1998,1998,2,1661,TA,224900
816,none,11425,Pave,none,5,6,1954,1954,2,1008,TA,137000
817,none,13265,Pave,none,8,5,2002,2002,3,1689,TA,271000
818,80.0,8816,Pave,none,6,7,1971,1971,2,1052,TA,155000
819,44.0,6371,Pave,none,7,5,2009,2010,3,1358,TA,224000
820,72.0,7226,Pave,none,7,5,2003,2003,3,1640,TA,183000
821,60.0,6000,Pave,Pave,4,4,1953,1953,1,936,TA,93000
822,none,12394,Pave,none,7,5,2003,2003,3,1733,TA,225000
823,60.0,9900,Pave,none,6,7,1940,1950,2,1489,TA,139500
824,81.0,11216,Pave,none,8,5,2006,2006,3,1489,TA,232600
825,114.0,14803,Pave,none,10,5,2007,2008,4,2084,TA,385000
826,50.0,6130,Pave,none,5,6,1924,1950,2,784,TA,109500
827,65.0,8529,Pave,none,7,5,2001,2001,3,1434,TA,189000
828,none,28698,Pave,none,5,5,1967,1967,2,2126,TA,185000
829,24.0,2544,Pave,Pave,7,5,2005,2005,3,1223,TA,147400
830,80.0,11900,Pave,none,6,5,1957,1957,2,1392,TA,166000
831,30.0,3180,Pave,Pave,7,5,2005,2005,2,1200,TA,151000
832,44.0,9548,Pave,none,7,6,2003,2003,3,1829,TA,237000
833,100.0,10004,Pave,none,6,6,1964,1964,2,1516,TA,167000
834,75.0,7875,Pave,none,5,6,1961,1961,2,1144,TA,139950
835,60.0,9600,Pave,none,4,7,1950,1995,2,1067,TA,128000
836,90.0,8100,Pave,Pave,5,6,1948,1973,2,1559,TA,153500
837,21.0,1680,Pave,none,6,5,1973,1973,2,987,TA,100000
838,75.0,9525,Pave,none,5,6,1995,2006,2,1099,TA,144000
839,70.0,11767,Pave,none,5,6,1946,1995,2,1200,TA,130500
840,none,12155,Pave,none,6,8,1925,1950,2,1482,TA,140000
841,60.0,10440,Pave,Grvl,5,8,1904,2002,2,1539,TA,157500
842,82.0,9020,Pave,none,6,7,1966,1966,2,1165,TA,174900
843,80.0,8000,Pave,none,5,4,1961,1961,2,1800,TA,141000
844,100.0,12665,Pave,Grvl,5,8,1915,1950,2,1416,TA,153900
845,none,16647,Pave,none,5,5,1975,1981,2,1701,TA,171000
846,75.0,9317,Pave,none,7,5,1993,1993,3,1775,TA,213000
847,36.0,15523,Pave,none,5,6,1972,1972,2,864,TA,133500
848,75.0,45600,Pave,none,6,8,1908,1997,2,2358,TA,240000
849,80.0,9600,Pave,none,6,7,1976,1994,3,1855,Gd,187000
850,36.0,4435,Pave,none,6,5,2003,2003,3,848,TA,131500
851,none,3196,Pave,none,8,5,2003,2003,3,1456,TA,215000
852,53.0,7128,Pave,none,7,5,1941,1950,2,1646,Gd,164000
853,none,12095,Pave,none,6,6,1964,1964,2,1445,Gd,158000
854,102.0,17920,Pave,none,5,4,1955,1974,2,1779,TA,170000
855,none,6897,Pave,none,5,8,1962,2010,2,1040,Gd,127000
856,none,10970,Pave,none,6,6,1978,1978,2,1026,TA,147000
857,65.0,8125,Pave,none,6,5,1994,1995,2,1481,TA,174000
858,80.0,10400,Pave,none,7,5,1976,1976,2,1370,TA,152000
859,none,11029,Pave,none,6,7,1968,1984,2,2654,TA,250000
860,55.0,7642,Pave,none,7,8,1918,1998,3,1426,TA,189950
861,75.0,11625,Pave,none,5,4,1965,1965,2,1039,TA,131500
862,81.0,9672,Pave,none,6,5,1984,1985,2,1097,TA,152000
863,70.0,7931,Pave,none,5,5,1959,1959,2,1148,TA,132500
864,72.0,8640,Pave,none,7,5,2007,2008,3,1372,TA,250580
865,none,8750,Pave,none,5,6,1970,1970,2,1002,TA,148500
866,67.0,10656,Pave,none,8,5,2006,2007,3,1646,TA,248900
867,85.0,6970,Pave,none,4,5,1961,1961,2,1120,TA,129000
868,none,14762,Pave,none,5,6,1948,1950,2,2320,TA,169000
869,80.0,9938,Pave,none,7,5,1993,1994,3,1949,TA,236000
870,60.0,6600,Pave,none,5,5,1962,1962,2,894,TA,109500
871,70.0,8750,Pave,none,6,5,1998,1998,2,1682,TA,200500
872,74.0,8892,Pave,none,5,7,1953,1996,3,910,TA,116000
873,60.0,12144,Pave,none,5,7,1949,1950,3,1268,TA,133000
874,52.0,5720,Pave,none,5,6,1941,1950,2,1131,TA,66500
875,75.0,9000,Pave,none,8,5,2007,2007,3,2610,TA,303477
876,94.0,25286,Pave,none,4,5,1963,1963,2,1040,TA,132250
877,74.0,8834,Pave,none,9,5,2004,2005,3,2224,TA,350000
878,88.0,11782,Pave,none,5,7,1961,1995,2,1155,TA,148000
879,none,7000,Pave,none,5,8,1978,2005,3,864,Gd,136500
880,60.0,7024,Pave,none,5,5,2005,2006,2,1090,TA,157000
881,44.0,13758,Pave,none,7,5,1990,1991,3,1717,Gd,187500
882,none,9636,Pave,none,6,5,1992,1993,2,1593,TA,178000
883,60.0,6204,Pave,none,4,5,1912,1950,3,2230,TA,118500
884,65.0,7150,Pave,none,5,5,1967,1967,2,892,TA,100000
885,50.0,5119,Pave,none,9,5,1999,2000,3,1709,TA,328900
886,70.0,8393,Pave,none,5,5,1959,2005,2,1712,TA,145000
887,59.0,16466,Pave,none,5,7,1955,1955,2,1393,Gd,135500
888,95.0,15865,Pave,none,8,6,1970,1970,3,2217,Gd,268000
889,128.0,12160,Pave,none,6,4,1953,1953,2,1505,TA,149500
890,60.0,8064,Pave,none,5,7,1949,2006,2,924,Gd,122900
891,70.0,11184,Pave,none,6,5,1978,1978,2,1683,TA,172500
892,70.0,8414,Pave,none,6,8,1963,2003,2,1068,TA,154500
893,none,13284,Pave,none,5,5,1954,1954,2,1383,TA,165000
894,64.0,7018,Pave,none,5,5,1979,1979,2,1535,TA,118858
895,71.0,7056,Pave,none,6,5,1963,1963,2,1796,TA,140000
896,50.0,8765,Pave,Grvl,4,6,1936,1950,2,951,TA,106500
897,64.0,7018,Pave,none,5,5,1979,1979,2,2240,TA,142953
898,100.0,12919,Pave,none,9,5,2009,2010,4,2364,TA,611657
899,65.0,6993,Pave,none,5,7,1961,1994,2,1236,TA,135000
900,none,7340,Pave,none,4,6,1971,1971,2,858,TA,110000
901,64.0,8712,Pave,none,5,7,1957,2000,2,1306,Gd,153000
902,63.0,7875,Pave,none,7,5,2003,2003,3,1509,TA,180000
903,50.0,14859,Pave,none,7,5,2006,2006,3,1670,TA,240000
904,none,6173,Pave,none,5,6,1967,1967,2,902,TA,125500
905,80.0,9920,Pave,none,5,5,1954,1954,2,1063,TA,128000
906,116.0,13501,Pave,none,8,5,2006,2006,3,1636,TA,255000
907,86.0,11500,Pave,none,7,7,1936,1987,3,2057,TA,250000
908,none,8885,Pave,none,5,5,1983,1983,2,902,TA,131000
909,149.0,12589,Pave,none,6,5,2005,2005,3,1484,TA,174000
910,80.0,11600,Pave,none,5,5,1960,1960,2,2274,TA,154300
911,none,9286,Pave,none,5,7,1977,1989,2,1268,TA,143500
912,51.0,6120,Pave,none,5,7,1925,1950,2,1015,TA,88000
913,82.0,6270,Pave,none,5,6,1949,1950,2,2002,TA,145000
914,30.0,3000,Pave,Pave,6,5,2009,2009,3,1224,TA,173733
915,21.0,2001,Pave,none,4,5,1970,1970,2,1092,TA,75000
916,50.0,9000,Pave,none,2,3,1949,1950,2,480,TA,35311
917,none,17140,Pave,none,4,6,1956,1956,2,1229,TA,135000
918,103.0,13125,Pave,none,7,5,1991,1991,3,2127,TA,238000
919,87.0,11029,Pave,none,6,8,1958,2002,4,1414,TA,176500
920,70.0,8462,Pave,none,6,5,1994,1994,3,1721,Gd,201000
921,67.0,8777,Pave,none,5,7,1900,2003,2,2200,TA,145900
922,65.0,10237,Pave,none,6,5,2005,2006,3,1316,TA,169990
923,50.0,8012,Pave,none,6,5,1993,1994,3,1617,TA,193000
924,79.0,10240,Pave,none,6,6,1980,1980,2,1686,Gd,207500
925,none,15611,Pave,none,5,6,1977,1977,2,1126,TA,175000
926,93.0,11999,Pave,none,8,5,2003,2004,3,2374,TA,285000
927,none,9900,Pave,none,7,5,1968,1968,2,1978,TA,176000
928,none,11838,Pave,none,8,5,2001,2001,3,1788,TA,236500
929,none,13006,Pave,none,7,5,1997,1997,2,2236,TA,222000
930,73.0,8925,Pave,none,8,5,2007,2007,3,1466,TA,201000
931,70.0,9100,Pave,none,5,6,1965,1965,2,925,TA,117500
932,84.0,11670,Pave,none,9,5,2006,2006,4,1905,TA,320000
933,63.0,8487,Pave,none,7,5,2004,2004,3,1500,TA,190000
934,313.0,27650,Pave,none,7,7,1960,2007,2,2069,TA,242000
935,52.0,5825,Pave,none,4,5,1926,1953,2,747,Gd,79900
936,67.0,10083,Pave,none,7,5,2003,2003,3,1200,TA,184900
937,75.0,9675,Pave,none,7,5,2005,2005,3,1971,TA,253000
938,73.0,8760,Pave,none,7,5,2006,2006,3,1962,TA,239799
939,none,24090,Pave,none,7,7,1940,1950,2,2403,Gd,244400
940,55.0,12640,Pave,none,6,5,1976,1976,2,1728,TA,150900
941,none,8755,Pave,none,7,5,1999,1999,3,2060,TA,214000
942,42.0,7711,Pave,none,4,3,1977,1977,2,1440,TA,150000
943,100.0,25000,Pave,none,5,4,1967,1967,2,1632,TA,143000
944,none,14375,Pave,none,6,6,1958,1958,2,1344,TA,137500
945,98.0,8820,Pave,none,5,6,1890,1996,2,1869,TA,124900
946,70.0,8163,Pave,none,5,6,1959,1959,2,1144,Gd,143000
947,85.0,14536,Pave,none,8,5,2002,2003,3,1629,TA,270000
948,65.0,14006,Pave,none,7,5,2002,2002,3,1776,TA,192500
949,78.0,9360,Pave,none,6,7,1972,2006,2,1381,TA,197500
950,60.0,7200,Pave,none,5,8,1950,2002,2,864,TA,129000
951,60.0,7800,Pave,none,5,5,1965,1965,2,965,TA,119900
952,60.0,7200,Pave,none,5,8,1972,2003,2,768,Gd,133900
953,none,11075,Pave,none,5,4,1969,1969,2,1968,TA,172000
954,35.0,9400,Pave,none,6,5,1975,1975,2,980,TA,127500
955,82.0,7136,Pave,none,6,6,1946,1950,2,1958,TA,145000
956,24.0,1300,Pave,none,6,6,1980,1980,2,1229,TA,124000
957,70.0,7420,Pave,none,5,5,1962,1962,2,1057,TA,132000
958,65.0,8450,Pave,none,7,5,2003,2003,3,1337,TA,185000
959,24.0,2572,Pave,none,7,5,1999,1999,3,1416,TA,155000
960,50.0,7207,Pave,none,5,7,1958,2008,2,858,Gd,116500
961,none,12227,Pave,none,6,7,1977,1995,2,2872,Gd,272000
962,24.0,2308,Pave,none,6,6,1976,1976,2,1548,TA,155000
963,122.0,11923,Pave,none,9,5,2007,2007,3,1800,TA,239000
964,80.0,11316,Pave,none,7,5,2002,2003,3,1894,TA,214900
965,65.0,10237,Pave,none,6,5,2005,2007,3,1484,TA,178900
966,130.0,9600,Pave,none,5,7,1940,1950,3,1308,Gd,160000
967,none,7390,Pave,none,5,7,1955,1955,2,1098,TA,135000
968,50.0,5925,Pave,none,3,6,1910,1950,2,968,TA,37900
969,75.0,10382,Pave,none,6,5,1958,1958,2,1095,Fa,140000
970,60.0,10800,Pave,none,4,4,1949,1950,2,1192,TA,135000
971,36.0,2268,Pave,none,7,5,2003,2004,3,1626,TA,173000
972,55.0,7892,Pave,none,6,5,1979,1979,2,918,TA,99500
973,95.0,11639,Pave,none,7,5,2007,2008,3,1428,TA,182000
974,60.0,11414,Pave,none,7,8,1910,1993,2,2019,Gd,167500
975,none,2651,Pave,none,7,5,2000,2000,3,1382,TA,165000
976,51.0,5900,Pave,none,4,7,1923,1958,2,869,TA,85500
977,35.0,4274,Pave,Pave,7,5,2006,2007,3,1241,TA,199900
978,68.0,9450,Pave,none,4,5,1954,1954,2,894,TA,110000
979,80.0,8816,Pave,none,5,6,1963,1963,2,1121,TA,139000
980,none,12122,Pave,none,7,9,1961,2007,4,999,TA,178400
981,98.0,12203,Pave,none,8,5,1998,1999,3,2612,TA,336000
982,43.0,3182,Pave,none,7,5,2007,2007,3,1266,TA,159895
983,none,11250,Pave,none,8,5,2002,2002,3,2290,TA,255900
984,75.0,10125,Pave,none,5,5,1977,1977,2,1734,TA,126000
985,68.0,10880,Pave,none,5,5,1950,1950,2,1164,TA,125000
986,59.0,5310,Pave,none,6,8,1910,2003,2,1635,Gd,117000
987,83.0,10159,Pave,none,9,5,2009,2010,4,1940,TA,395192
988,none,12046,Pave,none,6,6,1976,1976,2,2030,TA,195000
989,65.0,8125,Pave,none,7,5,2006,2006,3,1576,TA,197000
990,82.0,9452,Pave,none,8,5,1997,1998,3,2392,TA,348000
991,121.0,17671,Pave,Grvl,8,9,1882,1986,3,1742,Gd,168000
992,80.0,9760,Pave,none,6,8,1964,1993,2,1851,TA,187000
993,68.0,8846,Pave,none,6,5,2005,2006,2,1500,TA,173900
994,96.0,12456,Pave,none,10,5,2006,2007,4,1718,TA,337500
995,51.0,4712,Pave,none,4,7,1946,1950,2,1230,TA,121600
996,none,10659,Pave,none,5,6,1961,1961,2,1050,TA,136500
997,none,11717,Pave,none,6,6,1970,1970,2,1442,TA,185000
998,60.0,9786,Pave,none,3,4,1922,1950,2,1077,TA,91000
999,64.0,6762,Pave,none,7,5,2006,2006,3,1208,TA,206000
1000,74.0,10206,Pave,none,3,3,1952,1952,2,944,TA,82000
1001,60.0,5400,Pave,none,5,6,1920,1950,2,691,TA,86000
1002,75.0,11957,Pave,none,8,5,2006,2006,3,1574,TA,232000
1003,none,11500,Pave,none,5,6,1976,1976,2,1680,TA,136905
1004,43.0,3182,Pave,none,7,5,2005,2006,3,1504,TA,181000
1005,65.0,8385,Pave,none,5,8,1977,1977,3,985,TA,149900
1006,none,12155,Pave,none,6,3,1970,1970,2,1657,TA,163500
1007,21.0,2217,Pave,none,4,4,1970,1970,2,1092,TA,88000
1008,43.0,12118,Pave,none,7,5,2004,2005,3,1710,TA,240000
1009,60.0,6000,Pave,none,5,5,1926,1950,2,1522,Fa,102000
1010,115.0,21286,Pave,none,5,5,1948,1950,2,1271,TA,135000
1011,75.0,9825,Pave,none,5,5,1965,1965,2,1664,TA,100000
1012,55.0,10592,Pave,none,6,7,1923,1996,2,1502,Gd,165000
1013,60.0,7200,Pave,none,5,4,1910,2006,2,1022,TA,85000
1014,60.0,11664,Pave,none,6,5,1948,1950,2,1082,TA,119200
1015,70.0,8400,Pave,none,8,6,2001,2001,3,1665,TA,227000
1016,73.0,11883,Pave,none,7,5,1996,1996,3,1504,TA,203000
1017,none,5814,Pave,none,8,5,1984,1984,3,1360,TA,187500
1018,none,10784,Pave,none,7,5,1991,1992,3,1472,TA,160000
1019,43.0,3013,Pave,none,7,5,2005,2005,3,1506,TA,213490
1020,60.0,7024,Pave,none,4,5,2005,2005,2,1132,TA,176000
1021,64.0,7406,Pave,none,7,5,2006,2006,3,1220,TA,194000
1022,52.0,9439,Pave,none,5,5,1930,1950,2,1248,TA,87000
1023,43.0,3182,Pave,none,7,5,2005,2006,3,1504,TA,191000
1024,none,15498,Pave,none,8,6,1976,1976,3,2898,TA,287000
1025,70.0,7700,Pave,none,5,5,1972,1972,2,882,TA,112500
1026,73.0,9300,Pave,none,5,5,1960,1960,2,1264,TA,167500
1027,71.0,9520,Pave,none,8,5,2007,2008,3,1646,TA,293077
1028,79.0,9492,Pave,none,5,5,1941,1950,2,1376,TA,105000
1029,21.0,1680,Pave,none,6,7,1972,1972,2,1218,TA,118000
1030,none,7082,Pave,none,5,8,1916,1995,2,1928,TA,160000
1031,102.0,15863,Pave,none,7,3,1920,1970,2,3082,TA,197000
1032,none,14541,Pave,none,8,7,1993,1993,3,2520,Gd,310000
1033,none,8125,Pave,none,7,5,2002,2002,3,1654,TA,230000
1034,50.0,6305,Pave,none,5,7,1938,1950,2,954,Gd,119750
1035,none,11500,Pave,none,4,3,1957,1957,2,845,Gd,84000
1036,89.0,12898,Pave,none,9,5,2007,2008,3,1620,TA,315500
1037,none,9240,Pave,none,8,5,2001,2002,3,2263,TA,287000
1038,21.0,1533,Pave,none,4,6,1970,2008,2,1344,TA,97000
1039,21.0,1477,Pave,none,4,4,1970,1970,2,630,TA,80000
1040,88.0,13125,Pave,none,5,4,1957,2000,2,1803,TA,155000
1041,none,9130,Pave,none,6,8,1966,2000,2,1632,TA,173000
1042,34.0,5381,Pave,none,6,5,2005,2005,3,1306,TA,196000
1043,86.0,11839,Pave,none,7,5,1990,1990,2,2329,TA,262280
1044,80.0,9600,Pave,none,8,5,1981,1981,3,2524,TA,278000
1045,none,13680,Pave,none,3,5,1955,1955,2,1733,TA,139600
1046,85.0,16056,Pave,none,9,5,2005,2006,3,2868,TA,556581
1047,57.0,9245,Pave,none,5,5,1994,1995,2,990,TA,145000
1048,100.0,21750,Pave,none,5,4,1960,2006,2,1771,Fa,115000
1049,60.0,11100,Pave,none,4,7,1946,2006,2,930,TA,84900
1050,73.0,8993,Pave,none,7,5,2007,2007,3,1302,TA,176485
1051,103.0,11175,Pave,none,7,5,2007,2007,3,1316,TA,200141
1052,100.0,9500,Pave,none,6,6,1964,1978,2,1977,TA,165000
1053,68.0,8562,Pave,none,5,6,1957,2002,2,1526,TA,144500
1054,90.0,11367,Pave,none,8,5,2002,2002,3,1989,TA,255000
1055,104.0,11361,Pave,none,6,5,1976,1976,2,1523,TA,180000
1056,43.0,7052,Pave,none,7,5,2005,2005,3,1364,TA,185850
1057,none,29959,Pave,none,7,6,1994,1994,3,1850,TA,248000
1058,96.0,11308,Pave,none,9,5,2008,2008,4,2184,TA,335000
1059,none,11275,Pave,none,6,7,1932,1950,2,1991,TA,220000
1060,41.0,4920,Pave,none,8,5,2001,2001,3,1338,TA,213500
1061,120.0,18000,Grvl,none,3,4,1935,1950,1,894,TA,81000
1062,85.0,13600,Pave,Grvl,5,5,1900,1950,2,2337,TA,90000
1063,50.0,6000,Pave,none,6,6,1925,1980,2,1103,Gd,110500
1064,none,11000,Pave,none,5,6,1966,1966,2,1154,TA,154000
1065,80.0,14000,Pave,none,7,5,1996,1997,3,2260,TA,328000
1066,59.0,7837,Pave,none,6,7,1993,1994,3,1571,TA,178000
1067,80.0,9760,Pave,none,6,6,1964,1964,2,1611,TA,167900
1068,42.0,3964,Pave,none,6,4,1973,1973,2,2521,TA,151400
1069,60.0,9600,Pave,none,5,7,1949,2003,2,893,TA,135000
1070,72.0,10152,Pave,none,5,5,1956,1956,2,1048,TA,135000
1071,78.0,11700,Pave,none,6,6,1968,1968,2,1556,TA,154000
1072,50.0,7585,Pave,none,5,3,1948,1950,2,1456,TA,91500
1073,75.0,7950,Pave,none,6,6,1977,1977,2,1426,TA,159500
1074,74.0,8556,Pave,none,7,5,2006,2006,3,1240,TA,194000
1075,75.0,13125,Pave,none,7,6,1940,1984,2,1740,TA,219500
1076,60.0,10800,Pave,Grvl,5,8,1936,1989,2,1466,TA,170000
1077,none,15870,Pave,none,5,5,1969,1969,2,1096,TA,138800
1078,37.0,4435,Pave,none,6,5,2004,2004,3,848,TA,155900
1079,65.0,8775,Pave,none,5,5,1994,1994,2,990,TA,126000
1080,80.0,11040,Pave,none,6,7,1971,2004,3,1258,Gd,145000
1081,75.0,7500,Pave,none,5,5,1963,1963,2,1040,TA,133000
1082,70.0,8749,Pave,none,7,5,2002,2002,3,1459,TA,192000
1083,80.0,8800,Pave,none,6,6,1964,1964,2,1251,TA,160000
1084,none,13031,Pave,none,6,5,1995,1996,2,1498,TA,187500
1085,73.0,9069,Pave,none,6,6,1992,1992,2,996,TA,147000
1086,none,1974,Pave,none,4,5,1973,1973,2,1092,TA,83500
1087,85.0,10574,Pave,none,8,5,2005,2006,3,1953,TA,252000
1088,24.0,2522,Pave,none,7,5,2004,2004,3,1709,TA,137500
1089,37.0,3316,Pave,Pave,8,5,2005,2005,3,1247,TA,197000
1090,60.0,8544,Pave,none,3,4,1950,1950,2,1040,TA,92900
1091,24.0,2160,Pave,Pave,7,5,1999,2000,3,1252,TA,160000
1092,60.0,8400,Pave,none,6,5,1925,1950,2,1694,TA,136500
1093,71.0,9230,Pave,none,5,8,1965,1998,2,1200,TA,146000
1094,74.0,5868,Pave,none,5,7,1956,2000,2,936,TA,129000
1095,78.0,9317,Pave,none,6,5,2006,2006,3,1314,TA,176432
1096,60.0,6882,Pave,none,6,7,1914,2006,2,1355,TA,127000
1097,none,3696,Pave,none,8,5,1986,1986,3,1088,TA,170000
1098,50.0,6000,Pave,none,4,6,1936,1950,2,1324,TA,128000
1099,82.0,11880,Pave,none,7,5,1978,1978,2,1601,TA,157000
1100,60.0,8400,Pave,none,2,5,1920,1950,2,438,TA,60000
1101,61.0,9758,Pave,none,5,5,1971,1971,2,950,TA,119500
1102,70.0,7000,Pave,none,5,7,1960,2002,2,1134,TA,135000
1103,79.0,8910,Pave,none,6,6,1959,1959,2,1194,TA,159500
1104,24.0,2016,Pave,none,5,5,1970,1970,2,1302,TA,106000
1105,98.0,12256,Pave,none,8,5,1994,1995,3,2622,TA,325000
1106,114.0,10357,Pave,none,7,5,1990,1991,3,1442,TA,179900
1107,168.0,23257,Pave,none,7,5,2006,2006,3,2021,TA,274725
1108,none,8063,Pave,none,6,5,2000,2000,2,1690,TA,181000
1109,107.0,11362,Pave,none,8,5,2004,2005,3,1836,TA,280000
1110,none,8000,Pave,none,6,5,1995,1996,2,1658,TA,188000
1111,80.0,10480,Pave,none,7,6,1976,1976,2,1964,TA,205000
1112,73.0,7100,Pave,none,5,7,1957,1957,2,816,TA,129900
1113,66.0,8923,Pave,none,5,7,1953,2006,2,1008,TA,134500
1114,90.0,5400,Pave,none,5,7,1954,2000,2,833,Gd,117000
1115,93.0,12085,Pave,none,8,5,2007,2007,3,1734,TA,318000
1116,none,7750,Pave,none,8,5,2002,2002,3,1419,TA,184100
1117,57.0,9764,Pave,none,5,7,1967,2003,2,894,TA,130000
1118,85.0,13825,Pave,none,5,6,1958,1987,2,1601,Gd,140000
1119,70.0,7560,Pave,none,5,5,1959,1959,2,1040,TA,133700
1120,59.0,8263,Pave,none,6,5,1920,1950,2,1012,TA,118400
1121,84.0,10084,Pave,none,7,5,2005,2006,3,1552,TA,212900
1122,none,8926,Pave,none,4,3,1956,1956,2,960,TA,112000
1123,50.0,9405,Pave,none,5,9,1947,2008,2,698,Ex,118000
1124,none,9125,Pave,none,7,5,1992,1992,2,1482,TA,163900
1125,60.0,10434,Pave,none,4,5,1955,1955,2,1005,TA,115000
1126,53.0,3684,Pave,none,7,5,2007,2007,3,1555,TA,174000
1127,182.0,14572,Pave,none,7,5,2004,2004,3,1530,TA,259000
1128,59.0,11796,Pave,none,7,5,2004,2005,3,1959,TA,215000
1129,60.0,7200,Pave,Grvl,5,5,1980,1980,2,936,TA,140000
1130,65.0,7804,Pave,none,4,3,1928,1950,2,1981,TA,135000
1131,63.0,10712,Pave,none,5,5,1991,1992,2,974,TA,93500
1132,90.0,9900,Pave,none,6,4,1880,1950,2,2210,TA,117500
1133,80.0,9828,Pave,none,8,5,1995,1995,3,2020,TA,239500
1134,57.0,8773,Pave,none,6,5,1997,1997,2,1600,TA,169000
1135,60.0,6180,Pave,none,6,5,1926,1950,2,986,TA,102000
1136,80.0,9600,Pave,none,6,5,1950,1950,2,1252,TA,119000
1137,54.0,6342,Pave,none,5,8,1875,1996,2,1020,Gd,94000
1138,none,9819,Pave,none,6,5,1977,1977,2,1567,TA,196000
1139,98.0,8731,Pave,none,5,5,1920,1950,2,1167,Fa,144000
1140,60.0,7350,Pave,none,5,7,1951,1951,2,952,TA,139000
1141,none,10304,Pave,none,5,7,1976,1976,2,1868,Gd,197500
1142,77.0,9965,Pave,none,8,5,2006,2007,3,2828,TA,424870
1143,none,9000,Pave,none,5,3,1959,1959,2,1006,TA,80000
1144,60.0,12180,Pave,none,4,4,1941,1950,2,924,Fa,80000
1145,52.0,6240,Pave,none,5,6,1928,1950,2,1576,TA,149000
1146,none,11200,Pave,none,6,5,1985,1985,3,1298,TA,180000
1147,75.0,12000,Pave,none,7,7,1941,1950,2,1564,TA,174500
1148,none,5700,Pave,none,7,7,1926,1950,2,1111,TA,116900
1149,50.0,9000,Pave,none,7,9,1920,1988,2,1482,Gd,143000
1150,57.0,8280,Pave,none,6,5,1950,1950,2,932,TA,124000
1151,134.0,17755,Pave,none,5,4,1959,1959,2,1466,TA,149900
1152,90.0,14115,Pave,none,6,7,1956,2004,2,1811,TA,230000
1153,none,5890,Pave,none,6,8,1930,2007,3,816,Gd,120500
1154,none,13700,Pave,none,7,6,1965,1988,2,1820,TA,201800
1155,90.0,10768,Pave,none,5,8,1976,2004,3,1437,Gd,218000
1156,85.0,9350,Pave,none,5,8,1965,1999,2,1265,Gd,179900
1157,34.0,5001,Pave,none,7,5,2007,2008,3,1314,TA,230000
1158,92.0,11932,Pave,none,8,5,2007,2008,3,1580,TA,235128
1159,76.0,9120,Pave,none,6,6,1974,1974,3,1876,TA,185000
1160,24.0,2280,Pave,none,6,5,1978,1978,2,1456,TA,146000
1161,none,14778,Pave,none,6,7,1954,2006,3,1640,TA,224000
1162,109.0,8724,Pave,none,5,5,1968,1968,2,894,TA,129000
1163,60.0,12900,Pave,none,4,4,1969,1969,2,1258,TA,108959
1164,none,16157,Pave,none,5,7,1978,1978,2,1432,TA,194000
1165,79.0,9541,Pave,none,7,5,2009,2009,3,1502,TA,233170
1166,64.0,10475,Pave,none,8,5,2008,2008,3,1694,TA,245350
1167,58.0,10852,Pave,none,6,5,2000,2000,2,1671,TA,173000
1168,120.0,13728,Pave,none,6,7,1935,1986,2,2108,TA,235000
1169,118.0,35760,Pave,none,10,5,1995,1996,3,3627,Gd,625000
1170,76.0,9880,Pave,none,6,6,1977,1977,2,1118,TA,171000
1171,76.0,9120,Pave,none,6,6,1958,1958,2,1261,TA,163000
1172,35.0,4017,Pave,Pave,7,5,2006,2007,3,1250,TA,171900
1173,138.0,18030,Pave,none,5,6,1946,1994,2,3086,TA,200500
1174,80.0,16560,Pave,none,6,8,1932,1950,2,2345,TA,239000
1175,85.0,10678,Pave,none,8,5,1992,2000,3,2872,TA,285000
1176,37.0,6951,Pave,none,5,5,1984,1985,2,923,TA,119500
1177,none,3950,Pave,Grvl,6,8,1926,2004,2,1224,TA,115000
1178,54.0,7681,Pave,none,5,6,1921,1950,2,1343,TA,154900
1179,77.0,8335,Pave,none,5,5,1954,1954,2,1124,TA,93000
1180,none,11170,Pave,none,7,5,1990,1991,2,2514,TA,250000
1181,64.0,5587,Pave,none,8,5,2008,2008,4,1652,TA,392500
1182,160.0,15623,Pave,none,10,5,1996,1996,3,4476,TA,745000
1183,60.0,10800,Pave,Grvl,5,6,1920,1950,2,1130,TA,120000
1184,50.0,35133,Grvl,none,5,4,1963,1963,2,1572,TA,186700
1185,60.0,9738,Pave,none,5,7,1924,1950,2,1221,Gd,104900
1186,107.0,10615,Pave,none,3,5,1900,1970,2,1699,TA,95000
1187,89.0,12461,Pave,none,8,5,1994,1995,3,1624,TA,262000
1188,68.0,8935,Pave,none,7,5,2002,2002,3,1660,TA,195000
1189,60.0,7500,Pave,none,7,5,1999,1999,2,1804,TA,189000
1190,none,32463,Pave,none,4,4,1961,1975,2,1622,Gd,168000
1191,24.0,2645,Pave,Pave,8,5,1999,2000,3,1441,TA,174000
1192,60.0,9600,Pave,Grvl,5,8,1925,1994,2,1472,TA,125000
1193,none,4500,Pave,none,6,5,1999,1999,2,1224,TA,165000
1194,80.0,9364,Pave,none,6,7,1969,1969,2,1352,TA,158000
1195,51.0,8029,Pave,none,6,5,2005,2005,2,1456,TA,176000
1196,58.0,14054,Pave,none,7,5,2006,2006,3,1863,TA,219210
1197,65.0,8850,Pave,none,7,6,1916,1950,2,1690,TA,144000
1198,70.0,9100,Pave,none,7,5,2001,2001,3,1212,TA,178000
1199,75.0,11235,Pave,none,4,5,1963,1979,2,1382,TA,148000
1200,71.0,9353,Pave,none,4,5,1970,1970,2,864,TA,116050
1201,80.0,10400,Pave,none,7,5,1998,1998,2,1779,TA,197900
1202,50.0,6000,Pave,none,5,8,1925,1997,2,1348,TA,117000
1203,75.0,9750,Pave,none,7,5,2000,2001,3,1630,TA,213000
1204,78.0,10140,Pave,none,5,6,1975,1975,2,1074,TA,153500
1205,90.0,14684,Pave,none,7,7,1990,1991,3,2196,TA,271900
1206,none,8900,Pave,none,4,4,1966,1966,2,1056,TA,107000
1207,70.0,9135,Pave,none,6,5,2003,2003,3,1700,TA,200000
1208,70.0,7763,Pave,none,5,7,1962,1980,2,1283,Gd,140000
1209,85.0,10182,Pave,none,8,5,2006,2006,3,1660,TA,290000
1210,70.0,11218,Pave,none,6,5,1992,1992,3,1845,TA,189000
1211,152.0,12134,Pave,none,8,7,1988,2005,3,1752,TA,164000
1212,50.0,9340,Pave,none,4,6,1941,1950,2,672,TA,113000
1213,none,10246,Pave,none,4,9,1965,2001,2,960,Gd,145000
1214,69.0,10205,Pave,none,5,5,1962,1962,2,999,TA,134500
1215,99.0,7094,Pave,none,5,5,1966,1966,2,894,TA,125000
1216,68.0,8930,Pave,none,6,5,1978,1978,2,1902,TA,112000
1217,72.0,8640,Pave,none,8,5,2009,2009,3,1314,TA,229456
1218,52.0,6240,Pave,none,4,5,1947,1950,2,912,TA,80500
1219,21.0,1680,Pave,none,6,5,1971,1971,2,1218,TA,91500
1220,66.0,7800,Pave,none,5,5,1964,1964,2,912,TA,115000
1221,55.0,8250,Pave,none,5,5,1968,1968,2,1211,TA,134000
1222,78.0,10496,Pave,none,6,6,1949,1950,2,1846,TA,143000
1223,89.0,10680,Pave,none,5,3,1951,1951,2,2136,TA,137900
1224,60.0,15384,Pave,none,7,5,2004,2005,3,1490,TA,184000
1225,65.0,10482,Pave,none,6,8,1958,1958,2,1138,Gd,145000
1226,86.0,14598,Pave,none,6,5,2007,2007,3,1933,TA,214000
1227,72.0,8872,Pave,none,5,8,1965,2008,2,912,TA,147000
1228,65.0,8769,Pave,none,9,5,2008,2008,4,1702,TA,367294
1229,70.0,7910,Pave,none,5,5,1960,1960,2,1507,TA,127000
1230,none,18890,Pave,none,5,5,1977,1977,2,2620,TA,190000
1231,70.0,7728,Pave,none,5,6,1962,1962,2,1190,TA,132500
1232,70.0,9842,Pave,none,4,5,1962,1962,2,1224,TA,101800
1233,none,12160,Pave,none,5,5,1959,1959,2,1188,TA,142000
1234,55.0,8525,Pave,none,5,6,1911,1950,2,1964,TA,130000
1235,96.0,13132,Pave,none,5,5,1914,1950,2,1784,TA,138887
1236,36.0,2628,Pave,none,7,5,2003,2003,3,1626,TA,175500
1237,41.0,12393,Pave,none,7,5,2004,2005,3,1948,TA,195000
1238,63.0,13072,Pave,none,6,5,2005,2005,3,1141,TA,142500
1239,64.0,9037,Pave,none,8,5,2006,2006,3,1484,TA,265900
1240,65.0,8158,Pave,none,7,5,2003,2003,3,1768,TA,224900
1241,83.0,9849,Pave,none,7,6,2007,2007,3,1689,TA,248328
1242,85.0,10625,Pave,none,7,6,1974,1974,2,1173,TA,170000
1243,107.0,13891,Pave,none,10,5,2006,2006,4,2076,TA,465000
1244,none,11435,Pave,none,8,7,1929,1950,2,1517,TA,230000
1245,78.0,12090,Pave,none,6,7,1984,2003,2,1868,TA,178000
1246,65.0,8125,Pave,none,7,5,2005,2006,3,1553,TA,186500
1247,none,12328,Pave,none,6,5,1976,1976,2,1034,TA,169900
1248,60.0,9600,Pave,Grvl,6,5,1917,1950,2,2058,TA,129500
1249,60.0,7200,Pave,none,5,7,1950,1950,2,988,TA,119000
1250,93.0,11160,Pave,none,7,5,1968,1968,3,2110,TA,244000
1251,none,3136,Pave,none,7,5,2003,2003,3,1405,TA,171750
1252,62.0,9858,Pave,none,5,6,1968,1968,2,874,TA,130000
1253,none,17542,Pave,none,7,7,1974,2003,3,2167,TA,294000
1254,60.0,6931,Pave,none,7,5,2003,2004,3,1656,TA,165400
1255,52.0,6240,Pave,none,6,6,1931,1950,2,1367,TA,127500
1256,91.0,14303,Pave,none,8,5,1994,1994,3,1987,TA,301500
1257,56.0,4060,Pave,none,5,8,1922,1950,2,864,TA,99900
1258,59.0,9587,Pave,none,7,5,2005,2005,3,1166,TA,190000
1259,65.0,9750,Pave,none,6,8,1969,1969,2,1054,TA,151000
1260,none,24682,Pave,none,6,5,1999,1999,2,1675,TA,181000
1261,80.0,9600,Pave,none,5,6,1956,1956,2,1050,TA,128900
1262,none,11250,Pave,none,4,5,1957,1989,2,1788,TA,161500
1263,60.0,13515,Pave,Pave,6,6,1919,1950,2,1824,TA,180500
1264,34.0,4060,Pave,none,6,5,1998,1999,3,1337,TA,181000
1265,35.0,3735,Pave,none,7,5,1999,1999,3,1452,TA,183900
1266,60.0,10120,Pave,none,7,4,1910,1950,1,1889,TA,122000
1267,89.0,13214,Pave,none,9,5,2008,2009,4,2018,TA,378500
1268,none,14100,Pave,none,8,9,1935,1997,2,3447,Gd,381000
1269,78.0,11344,Pave,none,5,5,1958,1958,2,1524,TA,144000
1270,none,23595,Pave,none,7,6,1979,1979,3,1524,TA,260000
1271,none,9156,Pave,none,6,7,1968,1968,2,1489,TA,185750
1272,none,13526,Pave,none,5,6,1965,1965,2,935,TA,137000
1273,124.0,11512,Pave,none,6,7,1959,2006,2,1357,TA,177000
1274,53.0,5362,Pave,none,5,6,1910,2003,2,1250,TA,139000
1275,95.0,11345,Pave,none,5,5,1948,1950,2,1920,TA,137000
1276,none,12936,Pave,none,6,6,1972,1972,2,1395,TA,162000
1277,none,17871,Pave,none,6,5,1967,1976,2,1724,TA,197900
1278,75.0,9473,Pave,none,8,5,2002,2002,3,2031,TA,237000
1279,60.0,7500,Pave,none,4,4,1920,1950,2,1128,Gd,68400
1280,67.0,9808,Pave,none,7,5,2002,2002,3,1573,TA,227000
1281,50.0,8049,Pave,none,7,5,1990,1990,2,1339,TA,180000
1282,61.0,8800,Pave,none,5,7,1977,2008,2,1040,TA,150500
1283,94.0,9400,Pave,none,6,5,1971,1971,2,1824,TA,139000
1284,50.0,9638,Pave,none,6,7,1919,1990,2,2447,TA,169000
1285,50.0,6000,Pave,none,6,6,1939,1950,2,1412,Fa,132500
1286,none,9790,Pave,none,6,5,1963,1963,2,1328,TA,143000
1287,none,36500,Pave,none,5,5,1964,1964,2,1582,Gd,190000
1288,40.0,5664,Pave,none,8,5,2000,2000,3,1659,TA,278000
1289,86.0,11065,Pave,none,8,5,2006,2006,3,1970,TA,281000
1290,none,14112,Pave,none,5,7,1964,1964,2,1152,TA,180500
1291,21.0,1680,Pave,none,5,7,1972,1972,2,1302,TA,119500
1292,60.0,6600,Pave,none,5,4,1892,1965,2,2372,TA,107500
1293,78.0,10140,Pave,none,7,5,1976,1976,2,1664,TA,162900
1294,60.0,8172,Pave,none,5,7,1955,1990,2,864,TA,115000
1295,70.0,8400,Pave,none,5,5,1968,1968,2,1052,TA,138500
1296,80.0,8700,Pave,none,5,6,1963,1963,2,1128,Gd,155000
1297,35.0,3675,Pave,none,6,5,2005,2006,2,1072,TA,140000
1298,313.0,63887,Pave,none,10,5,2008,2008,4,5642,TA,160000
1299,75.0,7500,Pave,none,5,7,1959,1994,2,1246,TA,154000
1300,none,10762,Pave,none,7,5,1999,1999,3,1983,TA,225000
1301,none,7500,Pave,none,6,7,1942,1950,2,1494,TA,177500
1302,92.0,10120,Pave,none,8,5,1994,1994,3,2526,TA,290000
1303,73.0,8688,Pave,none,7,5,2005,2005,3,1616,TA,232000
1304,32.0,3363,Pave,none,7,5,2004,2004,3,1708,TA,130000
1305,108.0,13173,Pave,none,9,5,2006,2007,3,1652,TA,325000
1306,48.0,6955,Pave,none,7,5,2005,2006,3,1368,TA,202500
1307,60.0,8072,Pave,none,5,5,1994,1995,2,990,Gd,138000
1308,100.0,12000,Pave,none,5,7,1948,2005,2,1122,TA,147000
1309,none,7153,Pave,none,6,5,1991,1991,2,1294,TA,179200
1310,100.0,17500,Pave,none,7,8,1959,2002,3,1902,Gd,335000
1311,68.0,8814,Pave,none,7,5,2005,2007,3,1274,TA,203000
1312,none,9572,Pave,none,8,5,1990,1990,3,2810,TA,302000
1313,108.0,14774,Pave,none,9,5,1999,1999,3,2599,TA,333168
1314,60.0,8190,Pave,none,4,6,1954,1954,2,948,TA,119000
1315,85.0,11075,Pave,none,6,5,1969,1969,2,2112,TA,206900
1316,61.0,10226,Pave,none,8,5,2008,2008,3,1630,TA,295493
1317,47.0,4230,Pave,Pave,7,5,2006,2007,3,1352,TA,208900
1318,none,14781,Pave,none,8,5,2001,2002,3,1787,TA,275000
1319,75.0,10215,Pave,none,4,5,1954,1954,2,948,TA,111000
1320,70.0,8400,Pave,none,6,3,1957,1957,2,1478,TA,156500
1321,none,6627,Pave,none,3,6,1949,1950,2,720,TA,72500
1322,107.0,10186,Pave,none,7,5,1992,1992,3,1923,TA,190000
1323,50.0,5330,Pave,none,4,7,1940,1950,1,708,TA,82500
1324,75.0,9986,Pave,none,8,5,2006,2007,3,1795,TA,147000
1325,40.0,3636,Pave,none,4,4,1922,1950,2,796,TA,55000
1326,70.0,4270,Pave,none,3,6,1931,2006,2,774,TA,79000
1327,60.0,6600,Pave,none,5,9,1982,2008,3,816,Gd,130500
1328,60.0,10440,Pave,Grvl,6,7,1920,1950,3,2792,Gd,256000
1329,63.0,9084,Pave,none,7,5,1998,1998,2,1632,TA,176500
1330,85.0,10000,Pave,none,8,5,2006,2006,3,1588,TA,227000
1331,55.0,10780,Pave,none,5,5,1976,1976,2,954,TA,132500
1332,67.0,8877,Pave,none,4,6,1938,1958,2,816,TA,100000
1333,60.0,7200,Pave,none,5,6,1938,1995,2,1360,TA,125500
1334,24.0,2368,Pave,none,5,6,1970,1970,2,1365,TA,125000
1335,80.0,9650,Pave,none,6,5,1977,1977,2,1334,TA,167900
1336,87.0,9246,Pave,none,5,5,1973,1973,2,1656,TA,135000
1337,153.0,4118,Pave,Grvl,4,4,1941,1950,2,693,TA,52500
1338,95.0,13450,Pave,none,7,5,2002,2002,3,1861,TA,200000
1339,120.0,9560,Pave,none,5,7,1972,1972,2,864,Gd,128500
1340,70.0,8294,Pave,none,4,5,1971,1971,2,872,TA,123000
1341,66.0,13695,Pave,none,6,5,2003,2004,2,1114,TA,155000
1342,none,9375,Pave,none,8,5,2002,2002,3,2169,TA,228500
1343,57.0,7558,Pave,none,6,6,1928,1950,2,1913,TA,177000
1344,85.0,11103,Pave,none,7,5,2006,2006,3,1456,TA,155835
1345,50.0,6000,Pave,none,4,4,1920,1950,2,960,TA,108500
1346,none,20781,Pave,none,7,7,1968,2003,2,2156,TA,262500
1347,93.0,15306,Pave,none,8,5,2006,2007,3,1776,TA,283463
1348,none,16196,Pave,none,7,5,1998,1998,3,1494,TA,215000
1349,50.0,5250,Pave,Pave,8,5,1872,1987,2,2358,Gd,122000
1350,91.0,11643,Pave,none,5,5,1969,1969,2,2634,TA,200000
1351,70.0,9247,Pave,none,6,6,1962,1962,2,1716,TA,171000
1352,50.0,6000,Pave,none,6,9,1937,2000,3,1176,TA,134900
1353,56.0,14720,Pave,none,8,5,1995,1996,3,3238,TA,410000
1354,none,10316,Pave,none,7,5,2000,2000,3,1865,TA,235000
1355,102.0,10192,Pave,none,7,6,1968,1992,2,1920,TA,170000
1356,none,9477,Pave,none,5,5,1966,1966,2,892,TA,110000
1357,none,12537,Pave,none,5,6,1971,2008,2,1078,TA,149900
1358,none,2117,Pave,none,6,5,2000,2000,3,1573,TA,177500
1359,129.0,16737,Pave,none,9,5,2004,2005,3,1980,TA,315000
1360,51.0,9842,Pave,none,5,6,1921,1998,2,2601,TA,189000
1361,124.0,16158,Pave,none,7,5,2005,2005,3,1530,TA,260000
1362,none,12513,Pave,none,4,4,1920,2007,2,1738,Gd,104900
1363,73.0,8499,Pave,none,6,5,2006,2007,2,1412,TA,156932
1364,30.0,3180,Pave,Pave,7,5,2005,2005,3,1200,TA,144152
1365,none,7500,Pave,none,7,5,2000,2000,3,1674,TA,216000
1366,68.0,9179,Pave,none,7,5,1999,1999,3,1790,TA,193000
1367,41.0,2665,Pave,none,5,6,1977,1977,2,1475,TA,127000
1368,none,4435,Pave,none,6,5,2003,2004,3,848,TA,144000
1369,48.0,10635,Pave,none,8,5,2003,2003,3,1668,TA,232000
1370,90.0,5400,Pave,none,4,6,1920,1950,1,1374,TA,105000
1371,80.0,9600,Pave,none,6,6,1955,1996,2,1661,TA,165500
1372,75.0,9750,Pave,none,7,6,1998,1998,2,2097,TA,274300
1373,none,11400,Pave,none,10,5,2001,2002,4,2633,TA,466500
1374,85.0,10625,Pave,none,7,5,2005,2005,3,1958,TA,250000
1375,89.0,10991,Pave,none,8,5,2007,2007,3,1571,TA,239000
1376,52.0,6292,Pave,none,6,5,1930,1950,2,790,TA,91000
1377,60.0,10998,Pave,Grvl,5,5,1941,1960,2,1604,TA,117000
1378,21.0,1953,Pave,none,6,5,1973,1973,2,987,TA,83000
1379,73.0,9735,Pave,none,5,5,2006,2007,2,1394,TA,167500
1380,45.0,8212,Pave,Grvl,3,3,1914,1950,2,864,Fa,58500
1381,none,12925,Pave,none,6,7,1970,1970,2,2117,TA,237500
1382,60.0,7200,Pave,none,7,7,1920,1950,2,1762,TA,157000
1383,none,25339,Pave,none,5,7,1918,2007,2,1416,Gd,112000
1384,60.0,9060,Pave,none,6,5,1939,1950,2,1258,TA,105000
1385,40.0,5436,Pave,none,4,8,1922,2007,2,1154,Gd,125500
1386,80.0,16692,Pave,none,7,5,1978,1978,2,2784,TA,250000
1387,60.0,8520,Pave,Grvl,6,7,1916,1950,2,2526,Gd,136000
1388,42.0,14892,Pave,none,9,5,2006,2007,4,1746,TA,377500
1389,60.0,6000,Pave,none,6,6,1941,1950,2,1218,Gd,131000
1390,70.0,9100,Pave,none,7,5,2000,2000,3,1525,TA,235000
1391,65.0,8944,Pave,none,5,5,1967,1967,2,1584,TA,124000
1392,68.0,7838,Pave,none,5,5,1967,1967,2,900,TA,123000
1393,60.0,10800,Pave,Pave,6,7,1905,2000,2,1912,TA,163000
1394,53.0,4045,Pave,none,7,5,2006,2006,3,1500,TA,246578
1395,88.0,12665,Pave,none,8,5,2005,2006,3,2482,TA,281213
1396,none,57200,Pave,none,5,5,1948,1950,2,1687,TA,160000
1397,51.0,6120,Pave,none,5,8,1920,2004,2,1513,TA,137500
1398,60.0,7200,Pave,none,5,4,1950,1982,2,1904,TA,138000
1399,51.0,6171,Pave,none,6,6,1925,1990,2,1608,TA,137450
1400,50.0,6000,Pave,none,6,7,1929,1950,2,1158,TA,120000
1401,62.0,7415,Pave,none,6,5,2004,2004,2,1593,TA,193000
1402,64.0,6762,Pave,none,7,5,2006,2006,3,1294,TA,193879
1403,49.0,15256,Pave,none,8,5,2007,2007,3,1464,TA,282922
1404,60.0,10410,Pave,Grvl,3,4,1915,1950,2,1214,TA,105000
1405,44.0,3842,Pave,none,8,5,2004,2005,3,1646,TA,275000
1406,70.0,8445,Pave,none,5,7,1972,2007,2,768,TA,133000
1407,none,8780,Pave,none,5,5,1985,1985,2,833,TA,112000
1408,60.0,7740,Pave,none,4,7,1910,1950,2,1363,TA,125500
1409,46.0,20544,Pave,none,7,6,1986,1991,2,2093,Gd,215000
1410,79.0,12420,Pave,none,7,5,2001,2001,3,1840,TA,230000
1411,80.0,9600,Pave,none,6,8,1950,2005,2,1668,Gd,140000
1412,60.0,7200,Pave,none,4,5,1949,1950,2,1040,TA,90000
1413,88.0,10994,Pave,none,8,5,2005,2006,3,1844,TA,257000
1414,64.0,13053,Pave,Pave,6,7,1923,2000,2,1848,TA,207000
1415,51.0,3635,Pave,none,7,5,2007,2007,3,1569,TA,175900
1416,60.0,11340,Pave,none,4,6,1885,1950,2,2290,TA,122500
1417,none,16545,Pave,none,8,5,1998,1998,3,2450,TA,340000
1418,71.0,9204,Pave,none,5,5,1963,1963,2,1144,TA,124000
1419,none,16381,Pave,none,6,5,1969,1969,3,1844,Gd,223000
1420,90.0,11700,Pave,none,6,6,1968,1968,2,1416,TA,179900
1421,53.0,4043,Pave,none,6,5,1977,1977,2,1069,TA,127500
1422,37.0,4435,Pave,none,6,5,2003,2003,3,848,TA,136500
1423,none,19690,Pave,none,6,7,1966,1966,3,2201,Gd,274970
1424,none,9503,Pave,none,5,5,1958,1983,2,1344,TA,144000
1425,80.0,10721,Pave,none,6,6,1959,1959,3,1252,TA,142000
1426,81.0,10944,Pave,none,7,5,1994,1994,3,2127,TA,271000
1427,60.0,10930,Pave,Grvl,5,6,1945,1950,2,1558,TA,140000
1428,60.0,7200,Pave,none,5,7,1940,1992,2,804,Gd,119000
1429,none,12546,Pave,none,6,7,1981,1981,3,1440,Gd,182900
1430,60.0,21930,Pave,none,5,5,2005,2005,3,1838,TA,192140
1431,none,4928,Pave,none,6,6,1976,1976,2,958,TA,143750
1432,60.0,10800,Pave,Grvl,4,6,1927,2007,2,968,TA,64500
1433,93.0,10261,Pave,none,6,5,2000,2000,2,1792,TA,186500
1434,80.0,17400,Pave,none,5,5,1977,1977,2,1126,TA,160000
1435,80.0,8400,Pave,none,6,9,1962,2005,3,1537,Gd,174000
1436,60.0,9000,Pave,none,4,6,1971,1971,2,864,TA,120500
1437,96.0,12444,Pave,none,8,5,2008,2008,4,1932,TA,394617
1438,90.0,7407,Pave,none,6,7,1957,1996,2,1236,TA,149700
1439,80.0,11584,Pave,none,7,6,1979,1979,2,1725,TA,197000
1440,79.0,11526,Pave,none,6,7,1922,1994,2,2555,TA,191000
1441,none,4426,Pave,none,6,5,2004,2004,3,848,TA,149300
1442,85.0,11003,Pave,none,10,5,2008,2008,4,2007,TA,310000
1443,none,8854,Pave,none,6,6,1916,1950,2,952,TA,121000
1444,63.0,8500,Pave,none,7,5,2004,2004,3,1422,TA,179600
1445,70.0,8400,Pave,none,6,5,1966,1966,2,913,TA,129000
1446,none,26142,Pave,none,5,7,1962,1962,2,1188,TA,157900
1447,80.0,10000,Pave,none,8,5,1995,1996,3,2090,TA,240000
1448,70.0,11767,Pave,none,4,7,1910,2000,2,1346,TA,112000
1449,21.0,1533,Pave,none,5,7,1970,1970,2,630,TA,92000
1450,60.0,9000,Pave,none,5,5,1974,1974,2,1792,TA,136000
1451,78.0,9262,Pave,none,8,5,2008,2009,3,1578,TA,287090
1452,35.0,3675,Pave,none,5,5,2005,2005,2,1072,TA,145000
1453,90.0,17217,Pave,none,5,5,2006,2006,2,1140,TA,84500
1454,62.0,7500,Pave,Pave,7,5,2004,2005,3,1221,TA,185000
1455,62.0,7917,Pave,none,6,5,1999,2000,2,1647,TA,175000
1456,85.0,13175,Pave,none,6,6,1978,1988,2,2073,TA,210000
1457,66.0,9042,Pave,none,7,9,1941,2006,4,2340,Gd,266500
1458,68.0,9717,Pave,none,5,6,1950,1996,2,1078,TA,142125
1459,75.0,9937,Pave,none,5,6,1965,1965,3,1256,TA,147500
